monthday,2000,2001,2002,2003,2004,2005,2006,2007,2008,2009,2010,2011,2012,2013,2014,2015,2016,2017,2018,2019,average
2021-01-01,4202.5,4201.2,4199.18,4197.37,4195.16,4194.49,4195.78,4196.81,4195.24,4194.07,4194.44,4194.52,4197.84,4196.39,4194.39,4193.52,4192.63,4192.2,4193.9,4192.4,4195.7015
2021-01-02,4202.5,4201.2,4199.17,4197.35,4195.32,4194.56,4195.76,4196.79,4195.26,4194.06,4194.46,4194.54,4197.82,4196.37,4194.4,4193.5,4192.63,4192.2,4193.9,4192.3,4195.7045
2021-01-03,4202.5,4201.2,4199.18,4197.44,4195.36,4194.57,4195.77,4196.79,4195.24,4194.2,4194.46,4194.57,4197.82,4196.38,4194.41,4193.5,4192.64,4192.2,4193.9,4192.3,4195.7215
2021-01-04,4202.4,4201.2,4199.18,4197.42,4195.3,4194.58,4195.88,4196.8,4195.14,4194.1,4194.47,4194.56,4197.84,4196.38,4194.46,4193.5,4192.66,4192.3,4193.9,4192.3,4195.7185
2021-01-05,4202.5,4201.2,4199.18,4197.51,4195.35,4194.5,4195.89,4196.96,4195.17,4194.11,4194.48,4194.56,4197.84,4196.37,4194.41,4193.51,4192.67,4192.3,4193.9,4192.3,4195.7355
2021-01-06,4202.5,4201.2,4199.18,4197.51,4195.3,4194.5,4195.9,4196.83,4195.31,4194.11,4194.49,4194.59,4197.85,4196.37,4194.42,4193.51,4192.68,4192.2,4193.9,4192.3,4195.7325
2021-01-07,4202.5,4201.2,4199.19,4197.48,4195.4,4194.5,4195.94,4196.88,4195.28,4194.14,4194.5,4194.58,4197.94,4196.37,4194.41,4193.52,4192.74,4192.2,4194,4192.3,4195.7535
2021-01-08,4202.5,4201.2,4199.19,4197.47,4195.4,4194.5,4196,4196.84,4195.27,4194.16,4194.48,4194.59,4197.9,4196.36,4194.42,4193.52,4192.83,4192.2,4194,4192.4,4195.7615
2021-01-09,4202.5,4201.2,4199.2,4197.4,4195.4,4194.6,4195.98,4196.82,4195.35,4194.18,4194.49,4194.6,4197.9,4196.36,4194.44,4193.57,4192.74,4192.2,4194,4192.4,4195.7665
2021-01-10,4202.5,4201.2,4199.2,4197.42,4195.4,4194.6,4196,4196.85,4195.32,4194.16,4194.48,4194.57,4197.9,4196.43,4194.43,4193.56,4192.76,4192.1,4194,4192.4,4195.764
2021-01-11,4202.5,4201.1,4199.2,4197.48,4195.4,4194.7,4196.03,4196.92,4195.33,4194.16,4194.48,4194.58,4197.92,4196.43,4194.42,4193.57,4192.74,4192.2,4194,4192.3,4195.773
2021-01-12,4202.5,4201.2,4199.19,4197.49,4195.4,4194.7,4196.08,4197.02,4195.33,4194.18,4194.48,4194.6,4197.9,4196.38,4194.5,4193.61,4192.74,4192.2,4194,4192.3,4195.79
2021-01-13,4202.5,4201.2,4199.22,4197.5,4195.4,4194.8,4196.08,4196.87,4195.33,4194.19,4194.5,4194.61,4197.92,4196.38,4194.45,4193.69,4192.76,4192.2,4194,4192.3,4195.795
2021-01-14,4202.5,4201.2,4199.2,4197.5,4195.4,4194.8,4196.07,4196.84,4195.32,4194.2,4194.5,4194.61,4198,4196.4,4194.46,4193.67,4192.75,4192.2,4194.1,4192.4,4195.806
2021-01-15,4202.5,4201.3,4199.23,4197.53,4195.4,4194.8,4196.17,4196.81,4195.46,4194.19,4194.49,4194.6,4197.96,4196.4,4194.47,4193.68,4192.78,4192.2,4194.1,4192.4,4195.8235
2021-01-16,4202.5,4201.3,4199.22,4197.52,4195.4,4194.8,4196.13,4196.81,4195.36,4194.2,4194.5,4194.59,4198.12,4196.42,4194.48,4193.66,4192.79,4192.3,4194.1,4192.4,4195.83
2021-01-17,4202.6,4201.3,4199.2,4197.53,4195.4,4194.9,4196.08,4196.83,4195.32,4194.2,4194.52,4194.61,4197.97,4196.4,4194.49,4193.68,4192.79,4192.2,4194.1,4192.4,4195.826
2021-01-18,4202.6,4201.2,4199.25,4197.53,4195.4,4194.9,4196.13,4196.81,4195.31,4194.2,4194.52,4194.61,4197.99,4196.4,4194.49,4193.69,4192.82,4192.3,4194.1,4192.4,4195.8325
2021-01-19,4202.6,4201.2,4199.19,4197.52,4195.4,4194.9,4196.23,4196.82,4195.35,4194.2,4194.5,4194.75,4198.03,4196.4,4194.49,4193.71,4192.85,4192.3,4194.2,4192.5,4195.857
2021-01-20,4202.6,4201.2,4199.2,4197.55,4195.4,4194.9,4196.14,4196.83,4195.36,4194.2,4194.54,4194.68,4198.02,4196.4,4194.48,4193.72,4192.88,4192.3,4194.3,4192.5,4195.86
2021-01-21,4202.6,4201.2,4199.16,4197.54,4195.4,4195,4196.13,4196.87,4195.41,4194.2,4194.54,4194.68,4198.09,4196.4,4194.5,4193.76,4192.82,4192.3,4194.3,4192.6,4195.875
2021-01-22,4202.6,4201.2,4199.29,4197.56,4195.4,4195,4196.19,4196.84,4195.39,4194.22,4194.43,4194.74,4198.15,4196.4,4194.5,4193.73,4192.83,4192.3,4194.1,4192.6,4195.8735
2021-01-23,4202.6,4201.2,4199.21,4197.53,4195.4,4195,4196.18,4196.8,4195.4,4194.25,4194.59,4194.7,4198.14,4196.4,4194.5,4193.74,4192.86,4192.3,4194.2,4192.5,4195.875
2021-01-24,4202.7,4201.2,4199.2,4197.56,4195.4,4195.1,4196.18,4196.8,4195.4,4194.26,4194.6,4194.71,4198.19,4196.4,4194.49,4193.77,4192.92,4192.4,4194.2,4192.5,4195.899
2021-01-25,4202.7,4201.2,4199.23,4197.56,4195.4,4195.08,4196.2,4196.8,4195.4,4194.32,4194.59,4194.74,4198.18,4196.41,4194.5,4193.78,4192.93,4192.4,4194.2,4192.6,4195.911
2021-01-26,4202.8,4201.2,4199.21,4197.55,4195.4,4195.02,4196.19,4196.82,4195.4,4194.53,4194.6,4194.76,4198.21,4196.4,4194.49,4193.79,4192.9,4192.4,4194.2,4192.6,4195.9235
2021-01-27,4202.8,4201.3,4199.22,4197.55,4195.4,4195.07,4196.19,4196.84,4195.23,4194.42,4194.6,4194.78,4198.27,4196.45,4194.5,4193.8,4192.9,4192.4,4194.2,4192.6,4195.926
2021-01-28,4202.8,4201.3,4199.35,4197.6,4195.4,4195.1,4196.21,4196.82,4195.34,4194.4,4194.61,4194.79,4198.22,4196.46,4194.51,4193.81,4192.91,4192.3,4194.2,4192.6,4195.9365
2021-01-29,4202.7,4201.2,4199.32,4197.6,4195.4,4195.18,4196.22,4196.81,4195.35,4194.4,4194.62,4194.8,4198.24,4196.44,4194.54,4193.82,4192.93,4192.4,4194.2,4192.6,4195.9385
2021-01-30,4202.7,4201.3,4199.31,4197.6,4195.5,4195.37,4196.21,4196.81,4195.46,4194.4,4194.61,4194.81,4198.24,4196.48,4194.48,4193.86,4193.03,4192.3,4194.2,4192.6,4195.9635
2021-01-31,4202.8,4201.2,4199.29,4197.56,4195.5,4195.3,4196.3,4196.86,4195.33,4194.4,4194.61,4194.89,4198.27,4196.47,4194.56,4193.89,4193.02,4192.3,4194.2,4192.6,4195.9675
2021-02-01,4202.8,4201.2,4199.28,4197.47,4195.5,4195.28,4196.28,4196.82,4195.39,4194.41,4194.63,4195.08,4198.28,4196.48,4194.56,4193.89,4193.36,4192.4,4194.2,4192.7,4196.0005
2021-02-02,4202.8,4201.2,4199.29,4198.02,4195.5,4195.25,4196.31,4196.84,4195.37,4194.41,4194.66,4194.87,4198.43,4196.49,4194.51,4193.85,4193.02,4192.4,4194.2,4192.7,4196.006
2021-02-03,4202.8,4201.2,4199.29,4197.68,4195.5,4195.2,4196.33,4196.82,4195.33,4194.41,4194.67,4194.86,4198.37,4196.49,4194.56,4193.84,4192.99,4192.4,4194.3,4192.7,4195.987
2021-02-04,4202.8,4201.2,4199.29,4197.61,4195.5,4195.19,4196.42,4196.82,4195.44,4194.44,4194.68,4194.85,4198.34,4196.48,4194.58,4193.86,4193,4192.4,4194.2,4192.5,4195.98
2021-02-05,4202.8,4201.2,4199.29,4197.62,4195.5,4195.21,4196.44,4196.81,4195.41,4194.46,4194.7,4194.87,4198.38,4196.47,4194.56,4193.87,4193,4192.4,4194.3,4192.5,4195.9895
2021-02-06,4202.8,4201.3,4199.28,4197.64,4195.5,4195.22,4196.37,4196.82,4195.42,4194.46,4194.74,4194.87,4198.38,4196.48,4194.56,4193.86,4193,4192.3,4194.3,4192.7,4196
2021-02-07,4202.8,4201.4,4199.28,4197.59,4195.53,4195.29,4196.4,4196.84,4195.48,4194.5,4194.79,4194.95,4198.38,4196.53,4194.55,4193.88,4193.02,4192.4,4194.3,4192.8,4196.0355
2021-02-08,4202.8,4201.4,4199.38,4197.58,4195.56,4195.3,4196.4,4196.86,4195.41,4194.5,4194.78,4194.94,4198.4,4196.55,4194.55,4193.89,4193.03,4192.4,4194.3,4192.8,4196.0415
2021-02-09,4202.8,4201.3,4199.3,4197.58,4195.55,4195.24,4196.4,4196.86,4195.4,4194.55,4194.76,4194.91,4198.39,4196.57,4194.59,4193.9,4193.05,4192.5,4194.3,4192.7,4196.0325
2021-02-10,4202.8,4201.3,4199.29,4197.56,4195.53,4195.26,4196.58,4196.86,4195.41,4194.65,4194.78,4194.9,4198.4,4196.56,4194.61,4193.95,4193.06,4192.6,4194.4,4192.7,4196.06
2021-02-11,4202.8,4201.3,4199.29,4197.58,4195.56,4195.23,4196.47,4196.88,4195.43,4194.6,4194.78,4194.9,4198.4,4196.57,4194.6,4193.94,4193.06,4192.6,4194.3,4192.8,4196.0545
2021-02-12,4202.8,4201.3,4199.3,4197.59,4195.53,4195.3,4196.41,4196.92,4195.42,4194.61,4194.78,4194.9,4198.44,4196.56,4194.61,4193.91,4193.07,4192.7,4194.4,4192.9,4196.0725
2021-02-13,4202.8,4201.3,4199.3,4197.6,4195.52,4195.31,4196.41,4196.95,4195.59,4194.61,4194.8,4194.92,4198.41,4196.56,4194.66,4193.91,4193.09,4192.7,4194.3,4192.9,4196.082
2021-02-14,4202.8,4201.4,4199.31,4197.6,4195.54,4195.39,4196.46,4196.99,4195.71,4194.66,4194.81,4194.94,4198.41,4196.57,4194.69,4193.93,4193.09,4192.8,4194.4,4192.6,4196.105
2021-02-15,4202.9,4201.3,4199.3,4197.61,4195.54,4195.45,4196.59,4196.97,4195.49,4194.66,4194.82,4194.92,4198.47,4196.57,4194.71,4193.99,4193.12,4192.8,4194.4,4192.9,4196.1255
2021-02-16,4202.9,4201.3,4199.3,4197.58,4195.54,4195.41,4196.51,4197,4195.48,4194.64,4194.86,4194.92,4198.5,4196.56,4194.77,4194.07,4193.11,4192.9,4194.3,4193.1,4196.1375
2021-02-17,4203,4201.3,4199.3,4197.61,4195.56,4195.4,4196.49,4197,4195.49,4194.68,4194.87,4194.93,4198.45,4196.57,4194.74,4193.98,4193.11,4192.9,4194.3,4193.1,4196.139
2021-02-18,4203,4201.3,4199.31,4197.62,4195.56,4195.4,4196.5,4197.03,4195.5,4194.7,4194.88,4194.96,4198.46,4196.57,4194.76,4193.96,4193.02,4193,4194.3,4193.1,4196.1465
2021-02-19,4203,4201.3,4199.3,4197.64,4195.59,4195.39,4196.5,4197.14,4195.49,4194.72,4194.9,4195,4198.59,4196.59,4194.96,4193.94,4193.19,4193,4194.5,4193.2,4196.197
2021-02-20,4203,4201.3,4199.32,4197.65,4195.59,4195.4,4196.48,4197.08,4195.5,4194.73,4194.92,4195.04,4198.44,4196.63,4194.81,4194.02,4193.25,4193,4194.4,4193.1,4196.183
2021-02-21,4203,4201.3,4199.34,4197.64,4195.6,4195.41,4196.43,4197.1,4195.5,4194.75,4194.92,4195.08,4198.46,4196.64,4194.8,4193.99,4193.26,4193,4194.3,4193.1,4196.181
2021-02-22,4203,4201.3,4199.35,4197.87,4195.6,4195.45,4196.47,4197.08,4195.53,4194.77,4194.98,4195.08,4198.54,4196.6,4194.8,4193.96,4193.32,4193.2,4194.3,4193.2,4196.22
2021-02-23,4203,4201.4,4199.38,4197.67,4195.6,4195.52,4196.46,4197.19,4195.54,4194.78,4194.92,4195.11,4198.7,4196.71,4194.81,4193.9,4193.39,4193.5,4194.4,4193.1,4196.254
2021-02-24,4203.2,4201.4,4199.44,4197.7,4195.6,4195.51,4196.49,4197.2,4195.52,4194.79,4194.92,4195.12,4198.49,4196.71,4194.85,4193.95,4193.35,4193.4,4194.3,4193.1,4196.252
2021-02-25,4203.1,4201.4,4199.49,4197.68,4195.61,4195.5,4196.5,4197.14,4195.58,4194.8,4194.96,4195.05,4198.72,4196.63,4194.88,4193.94,4193.38,4193.4,4194.4,4193.1,4196.263
2021-02-26,4203.1,4201.4,4199.38,4197.65,4195.61,4195.5,4196.51,4197.18,4195.59,4194.87,4194.95,4195.23,4198.53,4196.71,4194.9,4193.96,4193.4,4193.4,4194.3,4193.2,4196.2685
2021-02-27,4203.1,4201.4,4199.38,4197.62,4195.72,4195.5,4196.52,4197.23,4195.6,4194.86,4194.99,4195.26,4198.53,4196.62,4194.92,4193.94,4193.47,4193.5,4194.4,4193.2,4196.288
2021-02-28,4203.1,4201.4,4199.5,4197.68,4195.8,4195.5,4196.44,4197.22,4195.61,4194.84,4195.04,4195.21,4198.54,4196.63,4194.91,4193.94,4193.45,4193.6,4194.4,4193.2,4196.3005
2021-03-01,4203.2,4201.4,4199.53,4197.68,4195.83,4195.52,4196.58,4197.24,4195.77,4194.86,4195.03,4195.23,4198.54,4196.62,4194.87,4193.98,4193.47,4193.5,4194.3,4193.3,4196.3225
2021-03-02,4203.2,4201.4,4199.42,4197.67,4195.87,4195.51,4196.59,4197.33,4195.87,4194.85,4195.02,4195.25,4198.66,4196.62,4194.96,4194,4193.51,4193.6,4194.3,4193.3,4196.3465
2021-03-03,4203.2,4201.4,4199.4,4197.67,4195.88,4195.54,4196.57,4197.24,4195.71,4194.79,4195.02,4195.31,4198.5,4196.64,4194.99,4194.04,4193.5,4193.6,4194.5,4193.3,4196.34
2021-03-04,4203.2,4201.4,4199.4,4197.73,4195.91,4195.55,4196.59,4197.26,4195.87,4194.87,4195.06,4195.33,4198.51,4196.76,4195.06,4193.99,4193.52,4193.6,4194.5,4193.3,4196.3705
2021-03-05,4203.1,4201.4,4199.4,4197.65,4195.95,4195.58,4196.6,4197.28,4195.8,4194.87,4195.06,4195.34,4198.53,4196.71,4195.03,4193.97,4193.53,4193.7,4194.4,4193.3,4196.36
2021-03-06,4203.2,4201.4,4199.36,4197.62,4195.98,4195.56,4196.58,4197.3,4195.79,4194.95,4195.1,4195.35,4198.77,4196.71,4195.07,4193.99,4193.53,4193.8,4194.4,4193.3,4196.388
2021-03-07,4203.2,4201.4,4199.35,4197.64,4196,4195.51,4196.66,4197.31,4195.77,4195.01,4195.12,4195.45,4198.95,4196.74,4195.13,4194,4193.58,4193.7,4194.4,4193.3,4196.411
2021-03-08,4203.2,4201.4,4199.66,4197.63,4196.03,4195.51,4196.77,4197.32,4195.84,4194.97,4195.16,4195.48,4198.66,4196.77,4195.12,4194,4193.58,4193.8,4194.5,4193.5,4196.445
2021-03-09,4203.2,4201.5,4199.4,4197.64,4196.08,4195.5,4196.68,4197.32,4195.85,4195.11,4195.27,4195.44,4198.6,4196.95,4195.12,4194.01,4193.64,4193.8,4194.5,4193.4,4196.4505
2021-03-10,4203.2,4201.5,4199.4,4197.65,4196.12,4195.54,4196.7,4197.37,4195.86,4195.03,4195.31,4195.38,4198.6,4196.81,4195.22,4194,4193.59,4193.9,4194.5,4193.5,4196.459
2021-03-11,4203.2,4201.6,4199.4,4197.66,4196.16,4195.56,4196.64,4197.37,4195.86,4195.03,4195.22,4195.52,4198.59,4196.8,4195.26,4194.01,4193.58,4193.9,4194.5,4193.5,4196.468
2021-03-12,4203.2,4201.5,4199.38,4197.77,4196.15,4195.55,4196.71,4197.4,4195.89,4195.07,4195.2,4195.54,4198.58,4196.81,4195.17,4194.01,4193.64,4193.9,4194.5,4193.5,4196.4735
2021-03-13,4203.2,4201.4,4199.46,4197.74,4196.18,4195.76,4196.69,4197.39,4195.9,4195.1,4195.48,4195.5,4198.51,4196.83,4195.17,4194.03,4193.62,4193.9,4194.5,4193.7,4196.503
2021-03-14,4203.2,4201.6,4199.56,4197.69,4196.19,4195.67,4196.64,4197.41,4195.97,4195.07,4195.54,4195.53,4198.57,4196.86,4195.26,4194.02,4193.75,4194,4194.6,4193.6,4196.5365
2021-03-15,4203.4,4201.4,4199.47,4197.65,4196.22,4195.51,4196.79,4197.42,4195.97,4195.08,4195.34,4195.56,4198.6,4196.88,4195.23,4194.02,4193.71,4194,4194.6,4193.6,4196.5225
2021-03-16,4203.3,4201.5,4199.44,4197.73,4196.23,4195.49,4196.72,4197.41,4196.2,4195.06,4195.3,4195.65,4198.58,4196.89,4195.16,4194.02,4193.65,4194,4194.5,4193.6,4196.5215
2021-03-17,4203.4,4201.5,4199.51,4197.97,4196.16,4195.57,4196.78,4197.41,4196.05,4195.09,4195.3,4195.67,4198.35,4197.06,4195.57,4194.03,4193.7,4194.1,4194.5,4193.6,4196.566
2021-03-18,4203.3,4201.4,4199.53,4198.08,4196.12,4195.44,4196.8,4197.41,4195.93,4195.1,4195.43,4195.59,4198.48,4196.9,4195.22,4194.1,4193.71,4194.1,4194.6,4193.6,4196.542
2021-03-19,4203.4,4201.4,4199.43,4197.87,4196.15,4195.46,4196.9,4197.44,4195.95,4195.1,4195.49,4195.5,4198.66,4196.9,4195.13,4194.08,4193.7,4194.1,4194.6,4193.6,4196.543
2021-03-20,4203.6,4201.5,4199.46,4197.79,4196.19,4195.49,4196.82,4197.45,4196.02,4195.12,4195.34,4195.45,4198.63,4196.86,4195.15,4194.03,4193.7,4194.1,4194.6,4193.6,4196.545
2021-03-21,4203.4,4201.5,4199.5,4197.78,4196.2,4195.53,4196.85,4197.6,4196.03,4195.06,4195.33,4195.51,4198.6,4197.04,4195.21,4194.02,4193.71,4194.1,4194.6,4193.6,4196.5585
2021-03-22,4203.3,4201.5,4199.5,4197.76,4196.2,4195.47,4196.91,4197.56,4196.06,4195.21,4195.39,4195.65,4198.6,4197.03,4195.19,4194.05,4193.85,4194.2,4194.4,4193.6,4196.5715
2021-03-23,4203.3,4201.5,4199.48,4197.77,4196.22,4195.5,4196.9,4197.53,4196,4195.2,4195.48,4195.66,4198.55,4196.95,4195.13,4194.1,4193.84,4194.4,4194.7,4193.6,4196.5905
2021-03-24,4203.3,4201.5,4199.54,4197.76,4196.2,4195.59,4196.91,4197.52,4196.01,4195.18,4195.4,4195.7,4198.62,4196.9,4195.13,4194.03,4193.75,4194.3,4194.7,4193.7,4196.587
2021-03-25,4203.3,4201.5,4199.54,4197.74,4196.21,4195.83,4196.85,4197.47,4196.02,4195.13,4195.39,4195.72,4198.62,4196.9,4195.13,4194.08,4193.83,4194.4,4194.7,4193.7,4196.603
2021-03-26,4203.3,4201.5,4199.54,4197.81,4196.24,4195.78,4197.07,4197.48,4196.11,4195.43,4195.43,4195.71,4198.47,4196.9,4195.15,4194.01,4193.84,4194.3,4194.7,4193.7,4196.6235
2021-03-27,4203.3,4201.5,4199.55,4197.89,4196.23,4195.65,4196.94,4197.22,4196.13,4195.16,4195.37,4195.84,4198.62,4196.91,4195.18,4194.01,4193.74,4194.5,4194.7,4193.7,4196.607
2021-03-28,4203.4,4201.5,4199.56,4197.82,4196.32,4195.7,4196.91,4197.6,4196.02,4195.12,4195.3,4195.95,4198.62,4196.91,4195.1,4194.03,4193.92,4194.6,4194.7,4193.8,4196.644
2021-03-29,4203.4,4201.5,4199.58,4197.8,4196.26,4195.75,4196.95,4197.84,4196.12,4195.32,4195.29,4195.86,4198.65,4196.91,4195.08,4194.04,4193.81,4194.5,4194.7,4193.8,4196.658
2021-03-30,4203.5,4201.5,4199.57,4197.7,4196.24,4195.94,4197.04,4197.54,4196.02,4195.26,4195.24,4195.88,4198.64,4196.9,4195.28,4194,4193.88,4194.6,4194.7,4193.8,4196.6615
2021-03-31,4203.5,4201.5,4199.56,4197.7,4196.17,4195.81,4197.04,4197.54,4196.13,4195.14,4195.36,4195.9,4198.51,4196.88,4195.13,4194.02,4193.86,4194.7,4194.7,4193.8,4196.6475
2021-04-01,4203.4,4201.5,4199.56,4197.61,4196.25,4195.77,4197.07,4197.56,4196,4195.37,4195.38,4195.91,4198.79,4196.89,4195.13,4194.12,4193.91,4194.6,4194.7,4193.8,4196.666
2021-04-02,4203.3,4201.5,4199.6,4197.6,4196.31,4195.8,4197.04,4197.63,4196,4195.14,4195.31,4195.97,4198.84,4196.9,4195.16,4194.12,4193.9,4194.6,4194.9,4193.8,4196.671
2021-04-03,4203.4,4201.5,4199.58,4197.6,4196.19,4195.78,4197.08,4197.62,4196.06,4195.31,4195.36,4196.1,4198.68,4196.91,4195.15,4193.98,4193.9,4194.7,4194.7,4193.9,4196.675
2021-04-04,4203.3,4201.5,4199.59,4197.7,4196.26,4195.86,4197.05,4197.58,4196.03,4195.39,4195.28,4195.96,4198.69,4196.89,4195.14,4193.96,4193.91,4194.7,4194.7,4193.9,4196.6695
2021-04-05,4203.3,4201.5,4199.58,4197.6,4196.26,4195.89,4196.92,4197.6,4196.1,4195.2,4195.35,4196.04,4198.76,4196.94,4195.18,4194,4194,4194.6,4194.7,4193.9,4196.671
2021-04-06,4203.3,4201.4,4199.58,4197.6,4196.26,4195.84,4197.21,4197.6,4196.03,4195.2,4195.51,4195.99,4198.75,4196.94,4195.16,4194.09,4193.92,4194.6,4194.8,4193.9,4196.684
2021-04-07,4203.4,4201.3,4199.58,4197.7,4196.29,4195.84,4197.21,4197.62,4196.06,4195.2,4195.37,4196.04,4198.66,4196.92,4195.15,4193.95,4193.92,4194.6,4194.8,4193.9,4196.6755
2021-04-08,4203.3,4201.5,4199.55,4197.6,4196.26,4195.89,4197.27,4197.67,4196.02,4195.14,4195.31,4196.12,4198.65,4197.2,4195.15,4193.91,4193.94,4194.8,4194.9,4193.9,4196.704
2021-04-09,4203.4,4201.6,4199.52,4197.7,4196.38,4196.02,4197.33,4197.62,4196.15,4195.2,4195.47,4196.16,4198.66,4197.15,4195.15,4193.94,4193.89,4194.8,4194.8,4194,4196.747
2021-04-10,4203.4,4201.7,4199.59,4197.6,4196.3,4196.15,4197.38,4197.93,4196.09,4195.18,4195.34,4196.24,4198.66,4196.92,4195.15,4193.92,4193.91,4194.8,4194.8,4194.5,4196.778
2021-04-11,4203.3,4201.5,4199.53,4197.7,4196.24,4195.92,4197.36,4197.74,4196.09,4195.24,4195.27,4196.22,4198.54,4196.93,4195.14,4193.94,4193.91,4194.8,4194.8,4194.1,4196.7135
2021-04-12,4203.3,4201.6,4199.55,4197.7,4196.24,4195.87,4197.4,4197.62,4196,4195.24,4195.3,4196.31,4198.66,4196.94,4195.18,4194.01,4193.92,4194.8,4195.2,4194,4196.742
2021-04-13,4203.3,4201.5,4199.51,4197.7,4196.23,4195.8,4197.4,4197.74,4196,4195.21,4195.28,4196.45,4198.63,4197.01,4195.42,4193.91,4194,4194.8,4195,4194,4196.7445
2021-04-14,4203.4,4201.5,4199.57,4197.7,4196.22,4195.98,4197.45,4197.57,4195.93,4195.26,4195.3,4196.44,4198.66,4197,4195.18,4193.89,4194.05,4194.9,4194.8,4194,4196.74
2021-04-15,4203.4,4201.5,4199.75,4197.76,4196.21,4195.92,4197.51,4197.6,4196.08,4195.17,4195.32,4196.34,4198.75,4196.91,4195.16,4194.08,4194.16,4194.9,4194.8,4194.1,4196.771
2021-04-16,4203.3,4201.5,4199.57,4197.69,4196.26,4195.9,4197.43,4197.67,4196.04,4195.35,4195.33,4196.35,4198.67,4197.01,4195.14,4193.99,4194.32,4194.9,4194.9,4194.2,4196.776
2021-04-17,4203.3,4201.5,4199.57,4197.7,4196.23,4195.91,4197.77,4197.55,4195.95,4195.39,4195.33,4196.4,4198.62,4197.05,4195.1,4193.91,4194.11,4194.9,4195,4194.2,4196.7745
2021-04-18,4203.2,4201.4,4199.61,4197.7,4196.24,4196.02,4197.69,4197.56,4195.96,4195.4,4195.34,4196.44,4198.66,4196.92,4195.1,4193.9,4194.01,4195,4194.8,4194.2,4196.7575
2021-04-19,4203.3,4201.5,4199.64,4197.77,4196.21,4195.99,4197.63,4197.55,4195.87,4195.4,4195.33,4196.55,4198.66,4196.84,4195.1,4193.9,4194,4195,4194.8,4194.2,4196.762
2021-04-20,4203.3,4201.5,4199.67,4197.72,4196.21,4195.91,4197.65,4197.55,4196.1,4195.41,4195.29,4196.52,4198.65,4196.92,4195.1,4193.9,4194.02,4195,4194.9,4194.3,4196.781
2021-04-21,4203.3,4201.5,4199.6,4197.65,4196.23,4195.98,4197.7,4197.49,4195.92,4195.4,4195.45,4196.66,4198.67,4196.88,4195.1,4193.9,4194.04,4195.1,4194.8,4194.4,4196.7885
2021-04-22,4203.3,4201.7,4199.6,4197.58,4196.35,4196.01,4197.75,4197.44,4195.92,4195.42,4195.38,4196.66,4198.68,4197,4195.16,4193.86,4193.96,4195,4194.8,4194.4,4196.7985
2021-04-23,4203.4,4201.5,4199.67,4197.65,4196.3,4196.02,4197.8,4197.55,4195.98,4195.44,4195.51,4196.6,4198.66,4196.96,4195.19,4193.89,4194.01,4195.1,4194.9,4194.4,4196.8265
2021-04-24,4203.4,4201.5,4199.65,4197.64,4196.24,4196.03,4197.75,4197.57,4196.06,4195.59,4195.41,4196.6,4198.66,4196.86,4195.02,4193.89,4194.06,4195.1,4194.9,4194.4,4196.8165
2021-04-25,4203.3,4201.5,4199.6,4197.65,4196.25,4196.08,4197.81,4197.52,4195.98,4195.56,4195.51,4196.7,4198.64,4196.84,4195.06,4193.92,4194.04,4195.2,4194.8,4194.4,4196.818
2021-04-26,4203.3,4201.5,4199.68,4197.76,4196.22,4196.08,4197.84,4197.56,4195.97,4195.6,4195.44,4196.86,4198.76,4196.82,4195.17,4194.07,4194.25,4195.2,4194.8,4194.5,4196.869
2021-04-27,4203.3,4201.4,4199.67,4197.73,4196.2,4196.06,4197.9,4197.52,4195.94,4195.5,4195.24,4196.7,4198.79,4196.81,4195.2,4194.06,4194.09,4195.5,4194.8,4194.5,4196.8455
2021-04-28,4203.4,4201.4,4199.71,4197.68,4196.18,4196.14,4198.04,4197.5,4195.92,4195.56,4195.5,4196.69,4198.65,4196.82,4195.23,4193.99,4194.07,4195.4,4194.8,4194.6,4196.864
2021-04-29,4203.4,4201.5,4199.73,4197.78,4196.29,4196.15,4197.94,4197.51,4195.94,4195.54,4195.56,4196.9,4198.64,4196.84,4195.17,4193.98,4194.1,4195.3,4194.9,4194.6,4196.8885
2021-04-30,4203.3,4201.4,4199.74,4197.68,4196.25,4196.16,4197.93,4197.52,4196.09,4195.58,4195.39,4196.83,4198.63,4196.97,4195.16,4194.06,4194.18,4195.3,4194.8,4194.6,4196.8785
2021-05-01,4203.3,4201.6,4199.77,4197.66,4196.18,4196.22,4197.96,4197.5,4196.03,4195.61,4195.39,4196.81,4198.65,4196.97,4195.07,4193.98,4194.08,4195.3,4194.8,4194.5,4196.869
2021-05-02,4203.3,4201.6,4199.71,4197.64,4196.18,4196.21,4198.02,4197.42,4195.9,4195.61,4195.51,4196.78,4198.68,4196.8,4195.08,4193.99,4194.13,4195.3,4194.8,4194.5,4196.858
2021-05-03,4203.3,4201.6,4199.68,4197.58,4196.17,4196.22,4198.02,4197.6,4195.9,4195.65,4195.36,4196.87,4198.68,4196.8,4195.06,4193.95,4194.13,4195.3,4194.8,4194.5,4196.8585
2021-05-04,4203.3,4201.4,4199.73,4197.6,4196.16,4196.24,4197.96,4197.53,4195.9,4195.64,4195.52,4196.9,4198.72,4196.8,4195.08,4193.9,4194.14,4195.3,4194.8,4194.5,4196.856
2021-05-05,4203.4,4201.4,4199.71,4197.71,4196.14,4196.24,4198.01,4197.77,4195.9,4195.63,4195.45,4196.86,4198.79,4196.75,4195.11,4193.99,4194.12,4195.3,4194.8,4194.5,4196.879
2021-05-06,4203.3,4201.4,4199.7,4197.6,4196.08,4196.21,4198,4197.5,4195.9,4195.69,4195.52,4196.86,4198.72,4196.67,4195.14,4193.94,4194.12,4195.1,4194.7,4194.5,4196.8325
2021-05-07,4203.3,4201.4,4199.89,4197.64,4196.11,4196.23,4198.02,4197.45,4195.96,4195.77,4195.41,4196.89,4198.79,4196.59,4195.12,4193.99,4194.17,4195.3,4194.8,4194.6,4196.8715
2021-05-08,4203.2,4201.3,4199.74,4197.62,4196.09,4196.32,4198.12,4197.42,4195.94,4195.81,4195.39,4197.02,4198.62,4196.64,4195.11,4194.04,4194.14,4195.4,4194.8,4194.7,4196.871
2021-05-09,4203.2,4201.4,4199.66,4197.65,4196.14,4196.33,4198.15,4197.42,4195.99,4195.77,4195.43,4197.18,4198.59,4196.68,4195.16,4194,4194.28,4195.4,4194.8,4194.6,4196.8915
2021-05-10,4203.3,4201.3,4199.7,4197.67,4196.01,4196.51,4198.09,4197.43,4195.93,4195.74,4195.5,4197.08,4198.63,4196.66,4195.23,4194.04,4194.29,4195.4,4194.9,4194.6,4196.9005
2021-05-11,4203.3,4201.3,4199.69,4197.66,4196.07,4196.58,4198.11,4197.42,4195.9,4195.71,4195.46,4197.12,4198.63,4196.61,4195.38,4193.99,4194.24,4195.3,4195,4194.6,4196.9035
2021-05-12,4203.2,4201.3,4199.66,4197.67,4196.07,4196.69,4198.1,4197.41,4196.02,4195.81,4195.53,4197.1,4198.56,4196.6,4195.14,4193.92,4194.2,4195.3,4194.9,4194.6,4196.889
2021-05-13,4203.2,4201.2,4199.65,4197.74,4196.07,4196.75,4198.14,4197.4,4195.94,4195.82,4195.44,4197.13,4198.57,4196.6,4195.12,4194,4194.2,4195.4,4194.9,4194.6,4196.8935
2021-05-14,4203.2,4201.3,4199.68,4197.67,4196.02,4196.8,4198.14,4197.5,4195.9,4195.75,4195.43,4197.09,4198.53,4196.62,4195.1,4193.86,4194.21,4195.3,4194.9,4194.6,4196.88
2021-05-15,4203.1,4201.3,4199.66,4197.66,4196.04,4196.81,4198.13,4197.4,4196.01,4195.76,4195.41,4197.06,4198.52,4196.64,4195.1,4193.92,4194.36,4195.3,4194.9,4194.5,4196.879
2021-05-16,4203,4201.3,4199.64,4197.69,4196.04,4196.91,4198.12,4197.39,4195.87,4195.74,4195.41,4197.18,4198.5,4196.68,4195.1,4193.95,4194.26,4195.3,4194.9,4194.4,4196.869
2021-05-17,4203.1,4201.3,4199.61,4197.66,4196.03,4196.96,4198.1,4197.35,4195.88,4195.75,4195.39,4197.1,4198.49,4196.7,4195.1,4194.03,4194.22,4195.3,4194.9,4194.7,4196.8835
2021-05-18,4203.1,4201.3,4199.59,4197.78,4195.98,4196.95,4198.12,4197.35,4195.86,4195.74,4195.39,4197.22,4198.65,4196.62,4195.13,4194.1,4194.2,4195.3,4194.9,4194.6,4196.894
2021-05-19,4203.1,4201.3,4199.54,4197.73,4196.02,4197,4198.15,4197.35,4195.88,4195.74,4195.41,4197.33,4198.5,4196.61,4195.19,4194.1,4194.23,4195.4,4194.8,4194.5,4196.894
2021-05-20,4203.1,4201.5,4199.51,4197.6,4195.98,4197.05,4198.06,4197.36,4195.9,4195.78,4195.44,4197.37,4198.49,4196.7,4195.09,4194.11,4194.11,4195.4,4194.8,4194.6,4196.8975
2021-05-21,4203.1,4201.3,4199.41,4197.6,4195.97,4197.24,4198.05,4197.42,4196.03,4195.8,4195.49,4197.38,4198.48,4196.56,4195.09,4194.1,4194.16,4195.4,4194.8,4194.7,4196.904
2021-05-22,4203.1,4201.2,4199.53,4197.6,4195.95,4197.16,4198,4197.41,4196.04,4195.75,4195.5,4197.44,4198.5,4196.75,4195.11,4194.12,4194.24,4195.4,4194.7,4194.6,4196.905
2021-05-23,4203.1,4201.2,4199.52,4197.6,4196.03,4197.2,4197.99,4197.36,4195.89,4195.72,4195.52,4197.42,4198.61,4196.76,4195.03,4194.19,4194.24,4195.4,4194.7,4194.6,4196.904
2021-05-24,4203.1,4201.2,4199.49,4197.55,4195.92,4197.31,4197.99,4197.24,4195.84,4195.68,4195.46,4197.57,4198.52,4196.55,4195.01,4194.21,4194.25,4195.4,4194.7,4194.6,4196.8795
2021-05-25,4203.1,4201.2,4199.48,4197.54,4195.89,4197.37,4198.02,4197.22,4195.87,4195.74,4195.42,4197.57,4198.5,4196.53,4195.04,4194.22,4194.24,4195.5,4194.7,4194.7,4196.8925
2021-05-26,4203.1,4201.2,4199.52,4197.59,4195.87,4197.31,4198.1,4197.27,4195.87,4195.75,4195.42,4197.62,4198.32,4196.56,4195.01,4194.24,4194.26,4195.5,4194.8,4194.7,4196.9005
2021-05-27,4203.1,4201.2,4199.52,4197.6,4195.86,4197.31,4198.3,4197.22,4195.92,4195.74,4195.37,4197.62,4198.32,4196.58,4195.01,4194.31,4194.25,4195.4,4194.8,4194.7,4196.9065
2021-05-28,4203.1,4201.2,4199.5,4197.56,4195.93,4197.28,4198.04,4197.26,4195.96,4195.74,4195.55,4197.69,4198.31,4196.59,4194.94,4194.27,4194.25,4195.4,4194.7,4194.8,4196.9035
2021-05-29,4203.1,4201.2,4199.5,4197.56,4196,4197.24,4197.98,4197.25,4195.95,4195.72,4195.49,4197.79,4198.31,4196.51,4195.1,4194.3,4194.23,4195.4,4194.7,4194.8,4196.9065
2021-05-30,4203.1,4201.2,4199.49,4197.53,4195.98,4197.4,4198.04,4197.18,4195.94,4195.71,4195.44,4197.88,4198.32,4196.51,4194.97,4194.31,4194.23,4195.4,4194.7,4194.8,4196.9065
2021-05-31,4203.2,4201.1,4199.48,4197.59,4195.91,4197.27,4198.03,4197.16,4195.93,4195.74,4195.44,4197.83,4198.3,4196.52,4194.98,4194.35,4194.26,4195.4,4194.8,4194.8,4196.9045
2021-06-01,4203.1,4201.1,4199.46,4197.6,4195.91,4197.34,4198.02,4197.14,4196.02,4195.74,4195.5,4197.84,4198.3,4196.48,4194.99,4194.32,4194.24,4195.4,4194.7,4194.8,4196.9
2021-06-02,4203,4201.1,4199.51,4197.53,4195.91,4197.38,4198.02,4197.12,4195.96,4195.77,4195.46,4197.97,4198.29,4196.46,4194.94,4194.35,4194.22,4195.4,4194.7,4194.8,4196.8945
2021-06-03,4203,4201.2,4199.49,4197.52,4195.84,4197.4,4198.06,4197.12,4196,4195.74,4195.51,4198.04,4198.3,4196.53,4194.9,4194.43,4194.23,4195.4,4194.6,4194.8,4196.9055
2021-06-04,4203,4201.1,4199.44,4197.5,4195.82,4197.3,4198.03,4197.12,4196.06,4195.74,4195.52,4198.02,4198.23,4196.44,4194.92,4194.35,4194.22,4195.3,4194.6,4194.8,4196.8755
2021-06-05,4203,4201,4199.4,4197.53,4195.82,4197.22,4198.09,4197.08,4196.11,4195.84,4195.5,4198.06,4198.43,4196.45,4194.9,4194.33,4194.23,4195.4,4194.6,4194.8,4196.8895
2021-06-06,4203,4201.1,4199.4,4197.4,4195.9,4197.37,4198.03,4197.35,4195.95,4195.76,4195.52,4198.07,4198.24,4196.4,4194.88,4194.3,4194.19,4195.4,4194.6,4194.7,4196.878
2021-06-07,4202.9,4201,4199.44,4197.46,4195.93,4197.41,4197.98,4197.26,4195.96,4195.8,4195.7,4198.06,4198.2,4196.4,4194.89,4194.29,4194.23,4195.3,4194.6,4195.1,4196.8955
2021-06-08,4202.7,4201,4199.62,4197.37,4195.83,4197.35,4197.94,4197.11,4195.95,4195.74,4195.54,4198.13,4198.2,4196.42,4194.92,4194.33,4194.2,4195.2,4194.6,4194.9,4196.8525
2021-06-09,4202.9,4201,4199.5,4197.33,4195.76,4197.38,4197.91,4197.1,4195.89,4195.75,4195.55,4198.2,4198.44,4196.39,4194.79,4194.34,4194.19,4195.5,4194.5,4194.9,4196.866
2021-06-10,4202.8,4200.9,4199.35,4197.28,4195.72,4197.4,4198,4197.09,4196.04,4195.74,4195.6,4198.2,4198.17,4196.28,4194.81,4194.33,4194.17,4195.4,4194.6,4194.9,4196.839
2021-06-11,4202.9,4201,4199.34,4197.31,4195.64,4197.36,4198,4197.18,4195.98,4195.8,4195.69,4198.2,4198.1,4196.26,4194.82,4194.31,4194.2,4195.2,4194.5,4194.9,4196.8345
2021-06-12,4202.9,4201.1,4199.31,4197.28,4195.73,4197.38,4197.99,4197.11,4195.9,4195.81,4195.62,4198.29,4198.1,4196.29,4194.75,4194.3,4194.26,4195,4194.5,4194.9,4196.826
2021-06-13,4202.8,4201,4199.3,4197.24,4195.74,4197.4,4197.95,4197.07,4195.89,4195.82,4195.62,4198.25,4198.1,4196.43,4194.84,4194.33,4194.13,4195.2,4194.4,4194.9,4196.8205
2021-06-14,4202.8,4201,4199.3,4197.24,4195.8,4197.38,4198.08,4197.06,4195.85,4195.78,4195.62,4198.26,4198.16,4196.34,4194.76,4194.32,4194.11,4195.2,4194.5,4194.9,4196.823
2021-06-15,4202.9,4200.9,4199.29,4197.24,4195.8,4197.39,4198.01,4197.06,4195.89,4195.86,4195.62,4198.28,4198.11,4196.21,4194.68,4194.27,4194.05,4195.2,4194.5,4194.9,4196.808
2021-06-16,4202.9,4200.9,4199.28,4197.25,4195.85,4197.35,4198.02,4197.03,4195.88,4195.87,4195.78,4198.48,4198.1,4196.11,4194.63,4194.3,4194.19,4195.2,4194.5,4194.9,4196.826
2021-06-17,4202.7,4200.9,4199.27,4197.19,4195.74,4197.28,4197.93,4197.1,4195.88,4195.94,4195.64,4198.33,4198.01,4196.11,4194.67,4194.29,4194.12,4195.2,4194.3,4194.9,4196.775
2021-06-18,4202.6,4201,4199.3,4197.15,4195.68,4197.45,4197.97,4197.01,4195.9,4195.91,4195.68,4198.34,4198.06,4196.07,4194.62,4194.26,4194.05,4195.2,4194.4,4194.9,4196.7775
2021-06-19,4202.7,4200.9,4199.38,4196.98,4195.69,4197.35,4197.95,4196.98,4195.9,4195.89,4195.61,4198.46,4198.1,4196.19,4194.62,4194.25,4194.13,4195.2,4194.3,4194.9,4196.774
2021-06-20,4202.7,4200.9,4199.22,4197.05,4195.73,4197.32,4198.02,4196.95,4195.86,4195.99,4195.6,4198.39,4198.05,4196.06,4194.6,4194.27,4194.05,4195.2,4194.3,4195,4196.763
2021-06-21,4202.6,4200.9,4199.17,4197.13,4195.72,4197.33,4197.92,4196.94,4195.83,4195.98,4195.71,4198.4,4197.92,4196.02,4194.62,4194.23,4194.03,4195.2,4194.3,4195,4196.7475
2021-06-22,4202.6,4200.8,4199.18,4197.09,4195.63,4197.27,4197.92,4196.92,4195.89,4196.02,4195.68,4198.4,4197.85,4196.01,4194.61,4194.22,4194.06,4195.2,4194.3,4194.9,4196.7275
2021-06-23,4202.6,4200.8,4199.15,4196.93,4195.61,4197.3,4197.84,4196.9,4195.84,4196.03,4195.62,4198.41,4197.76,4195.92,4194.62,4194.18,4194.02,4195.2,4194.3,4194.8,4196.6915
2021-06-24,4202.6,4200.7,4199.12,4197.04,4195.61,4197.32,4197.84,4196.91,4195.83,4196.01,4195.61,4198.46,4197.72,4195.83,4194.6,4194.16,4194.08,4195.1,4194.2,4194.8,4196.677
2021-06-25,4202.5,4200.8,4199.11,4197.03,4195.61,4197.22,4197.83,4196.95,4195.82,4196,4195.63,4198.52,4197.72,4195.92,4194.6,4194.14,4194.1,4195.1,4194.2,4194.8,4196.68
2021-06-26,4202.5,4200.7,4199.1,4197.01,4195.52,4197.27,4197.82,4196.89,4195.82,4195.84,4195.68,4198.53,4197.74,4195.89,4194.62,4194.14,4193.95,4195.1,4194.1,4194.7,4196.646
2021-06-27,4202.5,4200.7,4199.08,4197,4195.51,4197.32,4197.82,4196.82,4195.81,4196.02,4195.62,4198.5,4197.81,4195.88,4194.54,4194.11,4193.93,4195.1,4194.1,4194.6,4196.6385
2021-06-28,4202.5,4200.7,4199.07,4197,4195.46,4197.36,4197.8,4196.79,4195.78,4196.03,4195.6,4198.38,4197.74,4195.87,4194.54,4194.1,4193.89,4195.1,4194.1,4194.7,4196.6255
2021-06-29,4202.5,4200.7,4199.01,4197,4195.44,4197.32,4197.8,4196.78,4195.75,4196.04,4195.53,4198.36,4197.73,4195.86,4194.54,4194.09,4193.88,4195.1,4194.1,4194.7,4196.6115
2021-06-30,4202.4,4200.7,4199.01,4196.97,4195.42,4197.29,4197.82,4196.77,4195.71,4196.03,4195.43,4198.46,4197.72,4195.86,4194.57,4194.16,4193.94,4195.1,4194,4194.6,4196.598
2021-07-01,4202.4,4200.7,4199.04,4196.91,4195.43,4197.3,4197.76,4196.77,4195.72,4196.06,4195.49,4198.46,4197.69,4195.82,4194.5,4194.06,4193.86,4195,4193.9,4194.7,4196.5785
2021-07-02,4202.4,4200.7,4199.03,4196.95,4195.48,4197.28,4197.72,4196.75,4195.71,4196,4195.48,4198.44,4197.69,4195.82,4194.46,4194.04,4193.84,4195,4193.9,4194.7,4196.5695
2021-07-03,4202.3,4200.6,4198.92,4196.96,4195.44,4197.33,4197.71,4196.77,4195.64,4196.06,4195.57,4198.42,4197.61,4195.84,4194.44,4194.01,4193.79,4194.9,4194,4194.8,4196.5555
2021-07-04,4202.4,4200.6,4198.9,4196.91,4195.43,4197.27,4197.63,4196.71,4195.6,4196.1,4195.5,4198.38,4197.62,4195.81,4194.43,4193.95,4193.8,4194.9,4193.9,4194.7,4196.527
2021-07-05,4202.3,4200.6,4198.94,4196.89,4195.41,4197.24,4197.66,4196.68,4195.63,4196.04,4195.4,4198.42,4197.62,4195.9,4194.4,4193.99,4193.84,4194.9,4193.9,4194.6,4196.518
2021-07-06,4202.3,4200.6,4198.89,4196.89,4195.38,4197.21,4197.64,4196.64,4195.61,4196.07,4195.48,4198.42,4197.61,4195.77,4194.41,4193.96,4193.85,4194.9,4193.9,4194.6,4196.5065
2021-07-07,4202.3,4200.6,4198.89,4196.87,4195.34,4197.2,4197.59,4196.66,4195.59,4196.05,4195.43,4198.47,4197.59,4195.74,4194.4,4193.91,4193.8,4194.9,4193.9,4194.5,4196.4865
2021-07-08,4202.2,4200.6,4198.86,4196.86,4195.38,4197.16,4197.62,4196.65,4195.59,4196.09,4195.34,4198.47,4197.6,4195.84,4194.4,4193.92,4193.68,4194.8,4193.7,4194.6,4196.468
2021-07-09,4202.2,4200.6,4198.91,4196.81,4195.33,4197.14,4197.59,4196.6,4195.53,4196.04,4195.29,4198.48,4197.58,4195.77,4194.32,4193.85,4193.66,4194.9,4193.8,4194.5,4196.445
2021-07-10,4202.2,4200.5,4198.81,4196.77,4195.3,4197.15,4197.52,4196.6,4195.49,4195.99,4195.28,4198.38,4197.58,4195.73,4194.28,4193.79,4193.81,4194.8,4193.8,4194.5,4196.414
2021-07-11,4202.2,4200.5,4198.8,4196.77,4195.28,4197.16,4197.45,4196.58,4195.54,4195.95,4195.29,4198.4,4197.51,4195.75,4194.32,4193.77,4193.64,4194.8,4193.8,4194.5,4196.4005
2021-07-12,4202.2,4200.5,4198.8,4196.77,4195.28,4197.1,4197.42,4196.53,4195.47,4195.91,4195.26,4198.4,4197.5,4195.65,4194.32,4193.79,4193.61,4194.8,4193.7,4194.5,4196.3755
2021-07-13,4202.2,4200.5,4198.8,4196.78,4195.22,4197.09,4197.48,4196.51,4195.41,4195.97,4195.25,4198.33,4197.42,4195.58,4194.31,4193.79,4193.64,4194.7,4193.7,4194.4,4196.354
2021-07-14,4202.2,4200.4,4198.77,4196.75,4195.21,4197.1,4197.44,4196.48,4195.4,4195.92,4195.31,4198.32,4197.47,4195.67,4194.36,4193.79,4193.6,4194.7,4193.7,4194.4,4196.3495
2021-07-15,4202.2,4200.4,4198.72,4196.7,4195.22,4197.07,4197.41,4196.47,4195.4,4195.85,4195.21,4198.38,4197.44,4195.65,4194.24,4193.76,4193.59,4194.7,4193.7,4194.4,4196.3255
2021-07-16,4202.1,4200.3,4198.74,4196.65,4195.2,4197.02,4197.41,4196.43,4195.33,4195.81,4195.19,4198.36,4197.42,4195.46,4194.26,4193.74,4193.59,4194.7,4193.7,4194.5,4196.2955
2021-07-17,4202.2,4200.3,4198.67,4196.66,4195.15,4197.06,4197.4,4196.46,4195.33,4195.81,4195.17,4198.31,4197.43,4195.51,4194.2,4193.77,4193.59,4194.6,4193.6,4194.4,4196.281
2021-07-18,4202.2,4200.4,4198.63,4196.65,4195.18,4196.98,4197.34,4196.37,4195.34,4195.81,4195.15,4198.29,4197.4,4195.55,4194.18,4193.78,4193.38,4194.6,4193.6,4194.4,4196.2615
2021-07-19,4202.1,4200.3,4198.55,4196.61,4195.21,4196.93,4197.3,4196.36,4195.34,4195.81,4195.15,4198.32,4197.38,4195.55,4194.18,4193.65,4193.41,4194.5,4193.6,4194.4,4196.2325
2021-07-20,4202.1,4200.2,4198.6,4196.6,4195.19,4196.92,4197.34,4196.38,4195.27,4195.77,4195.15,4198.38,4197.38,4195.52,4194.14,4193.6,4193.41,4194.5,4193.6,4194.4,4196.2225
2021-07-21,4202.1,4200.2,4198.6,4196.6,4195.16,4196.92,4197.32,4196.32,4195.26,4195.75,4195.03,4198.31,4197.34,4195.51,4194.14,4193.6,4193.46,4194.6,4193.5,4194.3,4196.201
2021-07-22,4202,4200.3,4198.54,4196.6,4195.19,4196.88,4197.31,4196.32,4195.29,4195.72,4195.08,4198.3,4197.38,4195.52,4194.14,4193.58,4193.4,4194.5,4193.6,4194.3,4196.1975
2021-07-23,4202,4200.3,4198.44,4196.59,4195.1,4196.87,4197.3,4196.29,4195.27,4195.7,4195.04,4198.34,4197.27,4195.51,4194.08,4193.6,4193.45,4194.5,4193.5,4194.3,4196.1725
2021-07-24,4202,4200.2,4198.46,4196.55,4195.09,4196.82,4197.32,4196.24,4195.24,4195.7,4195.04,4198.26,4197.33,4195.48,4194.08,4193.6,4193.43,4194.5,4193.5,4194.3,4196.157
2021-07-25,4202,4200.2,4198.41,4196.55,4195.1,4196.82,4197.26,4196.25,4195.22,4195.62,4195,4198.17,4197.28,4195.45,4194.07,4193.58,4193.39,4194.4,4193.5,4194.2,4196.1235
2021-07-26,4201.9,4200.2,4198.4,4196.54,4195.06,4196.84,4197.23,4196.24,4195.16,4195.62,4195.01,4198.17,4197.28,4195.42,4194.02,4193.53,4193.36,4194.4,4193.5,4194.1,4196.099
2021-07-27,4202,4200.2,4198.44,4196.57,4195.07,4196.76,4197.23,4196.21,4195.07,4195.65,4194.92,4198.21,4197.22,4195.42,4194,4193.58,4193.36,4194.4,4193.4,4194.2,4196.0955
2021-07-28,4201.9,4200.2,4198.43,4196.53,4195,4196.72,4197.19,4196.24,4195.12,4195.62,4194.91,4198.2,4197.15,4195.41,4193.9,4193.52,4193.35,4194.4,4193.4,4194.1,4196.0645
2021-07-29,4201.9,4200.2,4198.39,4196.48,4194.98,4196.7,4197.16,4196.2,4195.12,4195.59,4194.92,4198.2,4197.17,4195.31,4193.97,4193.43,4193.33,4194.4,4193.4,4194.1,4196.0475
2021-07-30,4201.9,4200.2,4198.37,4196.44,4194.99,4196.72,4197.12,4196.19,4195.06,4195.54,4194.92,4198.21,4197.16,4195.32,4193.99,4193.4,4193.32,4194.4,4193.4,4194.1,4196.0375
2021-07-31,4201.9,4200.1,4198.41,4196.36,4194.95,4196.67,4197.12,4196.18,4195.08,4195.48,4194.86,4198.15,4197.14,4195.32,4193.98,4193.4,4193.25,4194.4,4193.4,4193.9,4196.0025
2021-08-01,4201.9,4200.1,4198.38,4196.35,4194.91,4196.6,4197.11,4196.15,4195.04,4195.46,4194.86,4198.2,4197.12,4195.23,4193.99,4193.39,4193.26,4194.3,4193.3,4194,4195.9825
2021-08-02,4201.9,4200,4198.28,4196.34,4194.87,4196.63,4197.09,4196.1,4195.04,4195.43,4194.88,4198.21,4197.12,4195.32,4193.96,4193.34,4193.23,4194.3,4193.2,4194,4195.962
2021-08-03,4201.8,4200,4198.21,4196.36,4194.83,4196.57,4197.03,4196.11,4195.03,4195.41,4194.78,4198.17,4197.12,4195.26,4193.9,4193.28,4193.26,4194.3,4193.3,4193.9,4195.931
2021-08-04,4201.8,4200,4198.06,4196.34,4194.82,4196.59,4197.04,4196.09,4194.99,4195.39,4194.76,4198.12,4197.1,4195.22,4193.92,4193.36,4193.24,4194.2,4193.3,4194,4195.917
2021-08-05,4201.8,4200,4198.05,4196.31,4194.78,4196.58,4197.03,4196.07,4194.98,4195.33,4194.71,4198.16,4197.04,4195.18,4193.92,4193.41,4193.15,4194.2,4193.3,4193.9,4195.895
2021-08-06,4201.8,4200,4198.02,4196.23,4194.76,4196.56,4196.99,4196.08,4194.92,4195.28,4194.72,4198.15,4197.05,4195.2,4193.94,4193.31,4193.1,4194.2,4193.2,4193.9,4195.8705
2021-08-07,4201.8,4200,4198.1,4196.2,4194.83,4196.56,4196.89,4195.97,4194.88,4195.3,4194.61,4198.14,4197.03,4195.15,4193.94,4193.25,4193.04,4194.2,4193.2,4193.9,4195.8495
2021-08-08,4201.7,4200,4198.13,4196.14,4194.81,4196.53,4196.89,4196.05,4194.88,4195.32,4194.66,4198.11,4197,4195.06,4193.94,4193.33,4193.1,4194.2,4193.2,4193.9,4195.8475
2021-08-09,4201.7,4200,4198.09,4196.15,4194.77,4196.51,4196.95,4195.95,4194.84,4195.21,4194.57,4198.12,4196.98,4195.01,4193.9,4193.3,4193.08,4194.2,4193.2,4193.9,4195.8215
2021-08-10,4201.7,4199.9,4198.05,4196.14,4194.77,4196.46,4196.88,4195.86,4194.87,4195.19,4194.6,4198.11,4197.01,4195,4193.89,4193.29,4193.09,4194.1,4193.1,4193.8,4195.7905
2021-08-11,4201.7,4199.9,4198.02,4196.14,4194.75,4196.47,4196.89,4195.92,4194.88,4195.17,4194.51,4198.08,4196.93,4195,4193.88,4193.28,4192.99,4194.1,4193.1,4193.9,4195.7805
2021-08-12,4201.7,4199.9,4198.05,4196.07,4194.72,4196.46,4196.84,4195.85,4194.8,4195.17,4194.61,4198.09,4196.92,4194.95,4193.87,4193.28,4192.99,4194,4193.1,4193.8,4195.7585
2021-08-13,4201.6,4199.9,4198.01,4196.06,4194.69,4196.45,4196.92,4195.86,4194.78,4195.11,4194.56,4198.04,4196.9,4194.97,4193.83,4193.26,4192.96,4194,4193.1,4193.8,4195.74
2021-08-14,4201.6,4199.8,4198,4196.08,4194.7,4196.39,4196.81,4195.84,4194.78,4195.18,4194.62,4197.95,4196.86,4194.96,4193.84,4193.26,4192.93,4194.2,4193.1,4193.8,4195.735
2021-08-15,4201.5,4199.9,4197.99,4196.01,4194.67,4196.34,4196.77,4195.83,4194.79,4195.19,4194.52,4197.97,4196.85,4194.96,4193.83,4193.29,4192.91,4194,4193,4193.8,4195.706
2021-08-16,4201.5,4199.8,4197.97,4195.95,4194.64,4196.29,4196.72,4195.82,4194.65,4195.06,4194.51,4198.06,4196.87,4194.93,4193.81,4193.25,4192.91,4194,4193,4193.8,4195.677
2021-08-17,4201.5,4199.8,4197.96,4196.02,4194.61,4196.28,4196.77,4195.85,4194.64,4195.06,4194.48,4197.96,4196.85,4194.86,4193.81,4193.22,4192.89,4194,4193,4193.7,4195.663
2021-08-18,4201.4,4199.8,4197.94,4196.04,4194.6,4196.32,4196.81,4195.74,4194.61,4195.04,4194.42,4197.96,4196.83,4194.91,4193.8,4193.2,4192.88,4194,4193,4193.7,4195.65
2021-08-19,4201.4,4199.8,4197.93,4195.98,4194.61,4196.28,4196.73,4195.77,4194.63,4195,4194.37,4197.96,4196.84,4194.88,4193.71,4193.15,4192.87,4193.9,4193,4193.7,4195.6255
2021-08-20,4201.5,4199.7,4197.86,4195.94,4194.59,4196.25,4196.71,4195.8,4194.61,4195,4194.4,4197.92,4196.82,4194.87,4193.82,4193.13,4192.88,4193.9,4192.9,4193.7,4195.615
2021-08-21,4201.5,4199.5,4197.91,4195.94,4194.58,4196.24,4196.68,4195.76,4194.61,4195,4194.31,4197.9,4196.78,4194.88,4193.78,4193.12,4192.82,4193.9,4192.9,4193.6,4195.5855
2021-08-22,4201.4,4199.6,4197.88,4195.89,4194.54,4196.22,4196.65,4195.79,4194.63,4194.98,4194.49,4197.86,4196.74,4194.88,4193.85,4193.16,4192.82,4193.9,4192.8,4193.7,4195.589
2021-08-23,4201.4,4199.7,4197.87,4195.93,4194.54,4196.17,4196.63,4195.74,4194.54,4194.93,4194.37,4197.9,4196.72,4194.67,4193.81,4193.1,4192.82,4193.9,4192.8,4193.6,4195.557
2021-08-24,4201.4,4199.7,4197.84,4195.88,4194.5,4196.15,4196.68,4195.7,4194.53,4194.98,4194.34,4197.88,4196.72,4194.77,4193.8,4193.08,4192.82,4193.8,4192.8,4193.6,4195.5485
2021-08-25,4201.4,4199.7,4197.8,4195.87,4194.5,4196.17,4196.65,4195.63,4194.46,4194.95,4194.32,4197.82,4196.71,4194.75,4193.8,4193.04,4192.77,4193.8,4192.8,4193.6,4195.527
2021-08-26,4201.3,4199.6,4197.82,4195.88,4194.4,4196.13,4196.71,4195.61,4194.54,4194.95,4194.3,4197.81,4196.65,4194.73,4193.71,4193.02,4192.73,4193.8,4192.8,4193.6,4195.5045
2021-08-27,4201.3,4199.6,4197.82,4195.93,4194.48,4196.1,4196.6,4195.57,4194.44,4194.93,4194.26,4197.84,4196.65,4194.73,4193.73,4193.04,4192.7,4193.8,4192.9,4193.5,4195.496
2021-08-28,4201.3,4199.6,4197.76,4195.86,4194.42,4196.1,4196.6,4195.6,4194.46,4194.92,4194.08,4197.77,4196.68,4194.75,4193.71,4193.01,4192.7,4193.8,4192.8,4193.5,4195.471
2021-08-29,4201.3,4199.6,4197.73,4195.93,4194.41,4196.07,4196.57,4195.6,4194.41,4194.93,4194.35,4197.78,4196.62,4194.74,4193.71,4192.98,4192.7,4193.8,4192.7,4193.5,4195.4715
2021-08-30,4201.3,4199.6,4197.71,4195.81,4194.4,4196.12,4196.54,4195.6,4194.38,4194.93,4194.29,4197.76,4196.64,4194.73,4193.68,4193,4192.69,4193.8,4192.7,4193.5,4195.459
2021-08-31,4201.4,4199.6,4197.7,4195.78,4194.4,4196.03,4196.66,4195.58,4194.29,4194.92,4194.2,4197.67,4196.56,4194.72,4193.76,4193.03,4192.67,4193.8,4192.8,4193.5,4195.4535
2021-09-01,4201.4,4199.5,4197.7,4195.75,4194.38,4196.01,4196.52,4195.56,4194.47,4194.88,4194.19,4197.78,4196.61,4194.71,4193.67,4192.95,4192.59,4193.7,4192.7,4193.5,4195.4285
2021-09-02,4201.3,4199.5,4197.7,4195.75,4194.47,4195.99,4196.49,4195.48,4194.38,4194.89,4194.24,4197.75,4196.65,4194.72,4193.65,4192.83,4192.58,4193.7,4192.7,4193.4,4195.4085
2021-09-03,4201.4,4199.5,4197.66,4195.79,4194.6,4195.9,4196.46,4195.49,4194.38,4194.86,4194.18,4197.71,4196.61,4194.74,4193.71,4192.76,4192.69,4193.7,4192.7,4193.4,4195.412
2021-09-04,4201.3,4199.5,4197.6,4195.78,4194.5,4195.88,4196.43,4195.57,4194.38,4194.85,4194.17,4197.67,4196.6,4194.7,4193.72,4192.72,4192.67,4193.7,4192.6,4193.4,4195.387
2021-09-05,4201.4,4199.4,4197.57,4195.77,4194.4,4195.94,4196.43,4195.58,4194.37,4194.84,4194.28,4197.65,4196.59,4194.7,4193.61,4192.94,4192.61,4193.7,4192.6,4193.3,4195.384
2021-09-06,4201.4,4199.6,4197.5,4195.75,4194.4,4195.92,4196.44,4195.5,4194.33,4194.78,4194.15,4197.64,4196.6,4194.71,4193.58,4192.84,4192.54,4193.7,4192.6,4193.4,4195.369
2021-09-07,4201.3,4199.5,4197.59,4195.65,4194.4,4195.91,4196.43,4195.44,4194.32,4194.83,4194.08,4197.61,4196.57,4194.65,4193.55,4192.78,4192.52,4193.7,4192.6,4193.4,4195.3415
2021-09-08,4201.3,4199.5,4197.62,4195.71,4194.4,4195.9,4196.4,4195.46,4194.34,4194.84,4193.93,4197.6,4196.56,4194.62,4193.51,4192.76,4192.5,4193.6,4192.6,4193.4,4195.3275
2021-09-09,4201.3,4199.4,4197.6,4195.71,4194.4,4195.78,4196.33,4195.51,4194.27,4194.75,4194.1,4197.6,4196.53,4194.66,4193.54,4192.74,4192.52,4193.6,4192.6,4193.3,4195.312
2021-09-10,4201.3,4199.4,4197.6,4195.76,4194.38,4195.92,4196.34,4195.45,4194.26,4194.74,4194.05,4197.56,4196.45,4194.65,4193.58,4192.72,4192.47,4193.6,4192.5,4193.3,4195.3015
2021-09-11,4201.3,4199.4,4197.58,4195.63,4194.38,4195.88,4196.36,4195.4,4194.32,4194.73,4193.98,4197.55,4196.5,4194.6,4193.64,4192.73,4192.42,4193.6,4192.5,4193.4,4195.295
2021-09-12,4201.3,4199.4,4197.59,4195.7,4194.36,4195.84,4196.36,4195.39,4194.23,4194.7,4193.99,4197.55,4196.51,4194.57,4193.57,4192.72,4192.57,4193.6,4192.5,4193.3,4195.2875
2021-09-13,4201.3,4199.4,4197.59,4195.68,4194.44,4195.77,4196.32,4195.38,4194.24,4194.59,4193.98,4197.56,4196.46,4194.61,4193.51,4192.72,4192.47,4193.6,4192.5,4193.3,4195.271
2021-09-14,4201.3,4199.4,4197.6,4195.57,4194.45,4195.78,4196.27,4195.32,4194.24,4194.62,4193.97,4197.53,4196.41,4194.65,4193.52,4192.68,4192.4,4193.5,4192.5,4193.3,4195.2505
2021-09-15,4201.2,4199.3,4197.58,4195.54,4194.31,4195.74,4196.38,4195.34,4194.21,4194.66,4193.97,4197.5,4196.41,4194.67,4193.51,4192.66,4192.41,4193.6,4192.4,4193.2,4195.2295
2021-09-16,4201.2,4199.4,4197.62,4195.57,4194.29,4195.71,4196.48,4195.31,4194.22,4194.65,4193.96,4197.51,4196.41,4194.65,4193.46,4192.71,4192.39,4193.5,4192.4,4193,4195.222
2021-09-17,4201.3,4199.3,4197.68,4195.72,4194.26,4195.72,4196.41,4195.34,4194.18,4194.64,4193.92,4197.52,4196.44,4194.51,4193.42,4192.74,4192.35,4193.5,4192.4,4193.3,4195.2325
2021-09-18,4201.2,4199.3,4197.66,4195.56,4194.06,4195.73,4196.37,4195.3,4194.2,4194.64,4193.93,4197.51,4196.4,4194.7,4193.47,4192.77,4192.35,4193.5,4192.4,4193.2,4195.2125
2021-09-19,4201.3,4199.3,4197.57,4195.54,4194.33,4195.67,4196.38,4195.2,4194.16,4194.65,4193.85,4197.5,4196.39,4194.63,4193.46,4192.7,4192.36,4193.5,4192.4,4193.3,4195.2095
2021-09-20,4201.3,4199.3,4197.5,4195.5,4194.27,4195.67,4196.52,4195.22,4194.17,4194.69,4193.95,4197.5,4196.38,4194.57,4193.44,4192.69,4192.36,4193.5,4192.3,4193.1,4195.1965
2021-09-21,4201.2,4199.2,4197.58,4195.52,4194.26,4195.65,4196.38,4195.22,4194.2,4194.76,4193.89,4197.5,4196.36,4194.43,4193.42,4192.68,4192.38,4193.6,4192.3,4193.1,4195.1815
2021-09-22,4201.2,4199.2,4197.59,4195.5,4194.17,4195.65,4196.61,4195.14,4194.2,4194.56,4193.86,4197.5,4196.33,4194.58,4193.42,4192.68,4192.54,4193.5,4192.3,4193.1,4195.1815
2021-09-23,4201.3,4199.2,4197.55,4195.5,4194.12,4195.64,4196.44,4195.1,4194.14,4194.55,4193.87,4197.49,4196.33,4194.54,4193.4,4192.68,4192.44,4193.5,4192.3,4193.1,4195.1595
2021-09-24,4201.2,4199.2,4197.56,4195.51,4194.15,4195.78,4196.4,4195.19,4194.13,4194.53,4193.84,4197.49,4196.42,4194.41,4193.4,4192.68,4192.48,4193.5,4192.3,4193.1,4195.1635
2021-09-25,4201.2,4199.2,4197.5,4195.49,4194.15,4195.67,4196.4,4195.17,4194.11,4194.54,4193.85,4197.48,4196.26,4194.54,4193.35,4192.67,4192.41,4193.5,4192.2,4193.1,4195.1395
2021-09-26,4201.2,4199.2,4197.58,4195.5,4194.14,4195.6,4196.4,4195.15,4194.12,4194.51,4193.83,4197.51,4196.31,4194.44,4193.31,4192.64,4192.4,4193.5,4192.2,4193.1,4195.132
2021-09-27,4201.1,4199.2,4197.5,4195.5,4194.11,4195.6,4196.39,4195.15,4194.1,4194.51,4193.83,4197.47,4196.29,4194.44,4193.24,4192.65,4192.4,4193.5,4192.2,4193.1,4195.114
2021-09-28,4201.1,4199.1,4197.5,4195.49,4194.1,4195.63,4196.38,4195.03,4194.1,4194.5,4193.82,4197.47,4196.28,4194.37,4193.39,4192.68,4192.38,4193.5,4192.2,4193.2,4195.111
2021-09-29,4201.1,4199.2,4197.5,4195.49,4194.12,4195.59,4196.37,4195.24,4194.1,4194.36,4193.81,4197.49,4196.28,4194.35,4193.41,4192.64,4192.41,4193.5,4192.1,4193.3,4195.118
2021-09-30,4201.1,4199.2,4197.5,4195.48,4194.15,4195.58,4196.37,4195.11,4194.1,4194.91,4193.81,4197.45,4196.26,4194.37,4193.44,4192.63,4192.4,4193.5,4192,4193.2,4195.128
2021-10-01,4201.1,4199.11,4197.5,4195.43,4194.12,4195.57,4196.36,4195.26,4194.08,4194.48,4193.81,4197.43,4196.26,4194.39,4193.48,4192.62,4192.42,4193.6,4192.1,4193.3,4195.121
2021-10-02,4201.1,4199.1,4197.5,4195.45,4194.1,4195.6,4196.4,4195.13,4194.12,4194.43,4193.8,4197.41,4196.24,4194.4,4193.39,4192.7,4192.32,4193.5,4192.1,4193.2,4195.0995
2021-10-03,4201.2,4199.1,4197.6,4195.44,4194.1,4195.66,4196.38,4195.14,4194.03,4194.39,4193.76,4197.38,4196.31,4194.54,4193.4,4192.63,4192.52,4193.5,4192.2,4193.2,4195.124
2021-10-04,4201.1,4199.11,4197.6,4195.41,4194.1,4195.67,4196.28,4195.14,4193.99,4194.37,4193.65,4197.37,4196.24,4194.41,4193.4,4192.62,4192.35,4193.5,4192.1,4193.4,4195.0905
2021-10-05,4201.1,4199.12,4197.6,4195.41,4194.1,4195.52,4196.27,4195.22,4194.08,4194.42,4193.72,4197.07,4196.27,4194.3,4193.4,4192.6,4192.35,4193.5,4192.1,4193.2,4195.0675
2021-10-06,4201.1,4199.04,4197.7,4195.41,4194.1,4195.52,4196.33,4195.19,4194.07,4194.4,4193.7,4197.55,4196.22,4194.31,4193.4,4192.65,4192.31,4193.5,4192.2,4193.2,4195.095
2021-10-07,4201.1,4199,4197.7,4195.4,4194.1,4195.5,4196.36,4195.15,4194.05,4194.38,4193.75,4197.42,4196.16,4194.32,4193.4,4192.62,4192.31,4193.5,4192.4,4193.2,4195.091
2021-10-08,4201.1,4199.03,4197.38,4195.38,4194,4195.57,4196.44,4195.14,4194.08,4194.39,4193.7,4197.48,4196.11,4194.36,4193.4,4192.6,4192.31,4193.7,4192.2,4193.2,4195.0785
2021-10-09,4201,4199.14,4197.36,4195.38,4194,4195.6,4196.49,4195.16,4194.16,4194.4,4193.7,4197.45,4196.12,4194.33,4193.41,4192.6,4192.3,4193.5,4192.1,4193.4,4195.08
2021-10-10,4200.9,4198.98,4197.33,4195.52,4194.2,4195.59,4196.46,4195.16,4194.13,4194.39,4193.69,4197.47,4196.1,4194.32,4193.4,4192.6,4192.3,4193.5,4192.2,4193.3,4195.077
2021-10-11,4200.9,4199.11,4197.39,4195.36,4194,4195.48,4196.42,4195.2,4194.12,4194.37,4193.69,4197.48,4196.1,4194.32,4193.39,4192.6,4192.32,4193.5,4192.1,4193.2,4195.0525
2021-10-12,4201,4198.96,4197.34,4195.39,4194,4195.49,4196.41,4195.13,4194.03,4194.33,4193.72,4197.5,4196.07,4194.32,4193.67,4192.6,4192.32,4193.5,4192.1,4193.2,4195.054
2021-10-13,4201,4198.97,4197.3,4195.35,4194,4195.46,4196.42,4195.17,4194,4194.17,4193.7,4197.49,4196.04,4194.46,4193.36,4192.6,4192.29,4193.5,4192.2,4193.2,4195.034
2021-10-14,4201,4198.92,4197.3,4195.29,4194,4195.46,4196.43,4195.13,4193.99,4194.28,4193.69,4197.5,4196.07,4194.43,4193.36,4192.59,4192.28,4193.6,4192.3,4193.2,4195.041
2021-10-15,4201,4198.93,4197.29,4195.3,4194,4195.43,4196.44,4195.12,4193.99,4194.33,4193.68,4197.52,4196.07,4194.37,4193.32,4192.59,4192.26,4193.4,4192.1,4193.2,4195.017
2021-10-16,4201,4198.9,4197.28,4195.26,4194,4195.44,4196.5,4195.16,4193.99,4194.34,4193.67,4197.59,4196.17,4194.29,4193.38,4192.6,4192.34,4193.5,4192.1,4193.2,4195.0355
2021-10-17,4201,4198.91,4197.3,4195.28,4194,4195.46,4196.63,4195.24,4193.99,4194.33,4193.65,4197.57,4196.17,4194.3,4193.31,4192.55,4192.35,4193.5,4192.1,4193.3,4195.047
2021-10-18,4201,4198.91,4197.3,4195.28,4194,4195.47,4196.54,4195.16,4193.99,4194.36,4193.66,4197.55,4196.05,4194.32,4193.34,4192.58,4192.32,4193.5,4192,4193.2,4195.0265
2021-10-19,4201,4198.86,4197.4,4195.28,4194,4195.42,4196.4,4195.1,4193.98,4194.4,4193.67,4197.55,4196.06,4194.29,4193.4,4192.59,4192.32,4193.5,4192.1,4193.3,4195.031
2021-10-20,4201,4198.87,4197.4,4195.27,4194,4195.47,4196.54,4195.29,4193.98,4194.45,4193.63,4197.58,4196.03,4194.3,4193.41,4192.62,4192.27,4193.6,4192.1,4193.3,4195.0555
2021-10-21,4201.1,4198.85,4197.4,4195.28,4194,4195.47,4196.5,4195.2,4194.11,4194.44,4193.62,4197.56,4196.03,4194.29,4193.45,4192.64,4192.29,4193.4,4192.1,4193.2,4195.0465
2021-10-22,4201.2,4198.85,4197.4,4195.28,4194,4195.46,4196.42,4195.1,4194,4194.4,4193.62,4197.59,4195.99,4194.29,4193.41,4192.6,4192.3,4193.4,4192.1,4193.2,4195.0305
2021-10-23,4201,4199.11,4197.34,4195.28,4194.1,4195.46,4196.42,4195.11,4193.95,4194.39,4193.62,4197.58,4196.12,4194.3,4193.4,4192.58,4192.31,4193.4,4192.1,4193.3,4195.0435
2021-10-24,4201,4198.86,4197.33,4195.26,4194.1,4195.47,4196.42,4195.11,4193.92,4194.43,4193.48,4197.62,4196.11,4194.3,4193.4,4192.55,4192.24,4193.5,4192.1,4193.2,4195.02
2021-10-25,4201,4198.8,4197.34,4195.28,4194.1,4195.46,4196.6,4195.12,4193.94,4194.45,4193.92,4197.68,4196.12,4194.3,4193.32,4192.54,4192.29,4193.4,4192.1,4193.2,4195.048
2021-10-26,4200.9,4198.8,4197.34,4195.21,4194.1,4195.46,4196.49,4195.12,4193.94,4194.36,4193.77,4197.76,4196.1,4194.3,4193.48,4192.56,4192.3,4193.5,4192.1,4193.3,4195.0445
2021-10-27,4201,4198.8,4197.3,4195.2,4194.1,4195.46,4196.42,4195.1,4193.93,4194.52,4193.67,4197.59,4196.1,4194.26,4193.41,4192.57,4192.3,4193.5,4192.1,4193.4,4195.0365
2021-10-28,4201,4198.8,4197.3,4195.18,4194.08,4195.46,4196.42,4195.11,4193.93,4194.79,4193.64,4197.56,4196.13,4194.13,4193.37,4192.52,4192.3,4193.5,4192.1,4193.2,4195.026
2021-10-29,4201,4198.8,4197.3,4195.25,4194.09,4195.44,4196.41,4195.12,4193.94,4194.49,4193.67,4197.56,4196.12,4194.26,4193.36,4192.54,4192.3,4193.5,4192.1,4193.3,4195.0275
2021-10-30,4201.1,4198.76,4197.33,4195.29,4194.11,4195.5,4196.48,4195.18,4193.95,4194.33,4193.67,4197.58,4196.15,4194.32,4193.36,4192.55,4192.3,4193.5,4192.2,4193.2,4195.043
2021-10-31,4201.3,4198.83,4197.39,4195.19,4194.27,4195.48,4196.45,4195.16,4193.91,4194.35,4193.65,4197.6,4196.13,4194.3,4193.36,4192.48,4192.4,4193.5,4192.1,4193.2,4195.0525
2021-11-01,4201.2,4198.81,4197.31,4195.19,4194.22,4195.48,4196.42,4195.11,4193.93,4194.35,4193.68,4197.82,4196.12,4194.29,4193.2,4192.53,4192.4,4193.5,4192,4193.2,4195.038
2021-11-02,4201.1,4198.8,4197.3,4195.19,4194.17,4195.45,4196.4,4195.12,4193.89,4194.36,4193.69,4197.65,4196.14,4194.27,4193.46,4192.55,4192.3,4193.4,4192.1,4193.2,4195.027
2021-11-03,4201.1,4198.8,4197.2,4195.19,4194.18,4195.49,4196.41,4195.1,4193.95,4194.35,4193.68,4197.62,4196.12,4194.38,4193.36,4192.54,4192.3,4193.4,4192.1,4193.2,4195.0235
2021-11-04,4201.1,4198.8,4197.2,4195.18,4194.19,4195.5,4196.42,4195.1,4194.09,4194.35,4193.69,4197.64,4196.13,4194.27,4193.3,4192.56,4192.3,4193.5,4192,4193.2,4195.026
2021-11-05,4201.2,4198.8,4197.22,4195.16,4194.2,4195.51,4196.41,4195.1,4194.07,4194.35,4193.7,4197.67,4196.12,4194.24,4193.33,4192.5,4192.3,4193.5,4192.1,4193.2,4195.034
2021-11-06,4201.1,4198.8,4197.24,4195.07,4194.2,4195.42,4196.41,4195.1,4193.94,4194.36,4193.69,4197.6,4196.11,4194.21,4193.31,4192.5,4192.4,4193.5,4192,4193.2,4195.008
2021-11-07,4201.1,4198.88,4197.2,4195.04,4194.2,4195.44,4196.4,4195.1,4193.92,4194.37,4193.64,4197.72,4196.11,4194.23,4193.33,4192.44,4192.4,4193.5,4192.1,4193.2,4195.016
2021-11-08,4201,4198.84,4197.28,4195.05,4194.23,4195.48,4196.44,4195.1,4193.95,4194.38,4193.79,4197.64,4195.94,4194.24,4193.32,4192.5,4192.4,4193.5,4192,4193.2,4195.014
2021-11-09,4201.1,4198.8,4197.34,4195.03,4194.22,4195.49,4196.5,4195.1,4193.98,4194.36,4193.77,4197.6,4196.1,4194.23,4193.32,4192.5,4192.4,4193.5,4192,4193.2,4195.027
2021-11-10,4201.1,4198.8,4197.3,4195.03,4194.22,4195.48,4196.5,4195.11,4194,4194.37,4193.75,4197.55,4196.23,4194.23,4193.46,4192.55,4192.4,4193.5,4192,4193.2,4195.039
2021-11-11,4201.1,4198.8,4197.3,4195.04,4194.24,4195.46,4196.46,4195.15,4194.02,4194.36,4193.83,4197.54,4196.28,4194.24,4193.39,4192.49,4192.4,4193.5,4192.1,4193.3,4195.05
2021-11-12,4201.1,4198.8,4197.29,4195.06,4194.29,4195.53,4196.5,4195.12,4193.99,4194.37,4193.74,4197.56,4196.12,4194.24,4193.38,4192.39,4192.4,4193.5,4192,4193.3,4195.034
2021-11-13,4201,4198.83,4197.31,4195.04,4194.3,4195.47,4196.38,4195.15,4194.07,4194.39,4193.78,4197.56,4196.14,4194.24,4193.26,4192.4,4192.4,4193.5,4192,4193.3,4195.026
2021-11-14,4201.1,4198.8,4197.36,4195.08,4194.3,4195.71,4196.62,4195.15,4194.14,4194.45,4193.73,4197.58,4196.16,4194.25,4193.27,4192.4,4192.4,4193.5,4192,4193.3,4195.065
2021-11-15,4201.1,4198.8,4197.35,4195.05,4194.3,4195.52,4196.48,4195.1,4194.03,4194.36,4193.8,4197.64,4196.16,4194.36,4193.44,4192.38,4192.4,4193.6,4192,4193.3,4195.0585
2021-11-16,4201.1,4198.8,4197.32,4195.07,4194.31,4195.44,4196.5,4195.09,4194.03,4194.32,4193.94,4197.62,4196.17,4194.26,4193.33,4192.8,4192.6,4193.5,4192,4193.3,4195.075
2021-11-17,4201.1,4198.83,4197.34,4195.22,4194.31,4195.45,4196.5,4195.1,4194.04,4194.36,4193.73,4197.58,4196.15,4194.22,4193.22,4192.41,4192.7,4193.8,4192,4193.3,4195.068
2021-11-18,4201,4198.83,4197.34,4195.05,4194.31,4195.46,4196.51,4195.1,4194.06,4194.36,4193.76,4197.65,4196.17,4194.26,4193.2,4192.4,4192.4,4193.6,4192,4193.3,4195.038
2021-11-19,4201.1,4198.8,4197.32,4195.06,4194.36,4195.48,4196.53,4195.14,4194.07,4194.36,4193.71,4197.66,4196.17,4194.26,4193.2,4192.38,4192.4,4193.6,4192,4193.3,4195.045
2021-11-20,4201.1,4198.81,4197.31,4195.12,4194.36,4195.48,4196.54,4195.19,4194.07,4194.33,4193.7,4197.65,4196.19,4194.28,4193.21,4192.46,4192.4,4193.6,4192,4193.3,4195.055
2021-11-21,4201.1,4198.81,4197.32,4195.1,4194.37,4195.48,4196.55,4195.12,4194.09,4194.45,4193.7,4197.64,4196.22,4194.41,4193.21,4192.37,4192.5,4193.6,4192,4193.3,4195.067
2021-11-22,4201.1,4198.86,4197.34,4195.28,4194.34,4195.49,4196.54,4195.1,4194.06,4194.44,4193.66,4197.64,4196.23,4194.27,4193.23,4192.39,4192.4,4193.6,4192,4193.3,4195.0635
2021-11-23,4201.1,4198.96,4197.34,4195.05,4194.34,4195.49,4196.57,4195.16,4194.08,4194.38,4193.55,4197.65,4196.2,4194.24,4193.45,4192.4,4192.5,4193.7,4192,4193.3,4195.073
2021-11-24,4201,4198.76,4197.37,4195.05,4194.3,4195.5,4196.56,4195.06,4194.05,4194.36,4193.87,4197.68,4196.2,4194.28,4193.33,4192.4,4192.4,4193.7,4192.1,4193.3,4195.0635
2021-11-25,4201,4199.06,4197.53,4195.03,4194.32,4195.5,4196.57,4195.05,4194.06,4194.38,4193.74,4197.78,4196.21,4194.26,4193.24,4192.4,4192.4,4193.7,4192,4193.6,4195.0915
2021-11-26,4201,4198.98,4197.38,4195.08,4194.43,4195.69,4196.59,4195.07,4194.05,4194.38,4193.74,4197.7,4196.2,4194.26,4193.26,4192.37,4192.4,4193.7,4192,4193.3,4195.079
2021-11-27,4201,4198.99,4197.34,4195.07,4194.41,4195.56,4196.5,4195.11,4194.06,4194.38,4193.76,4197.68,4196.19,4194.26,4193.28,4192.31,4192.4,4193.7,4192,4193.2,4195.06
2021-11-28,4201.1,4198.89,4197.33,4195.01,4194.69,4195.5,4196.63,4195.07,4194.08,4194.45,4193.81,4197.7,4196.2,4194.27,4193.29,4192.38,4192.5,4193.7,4192,4193.3,4195.095
2021-11-29,4201.1,4198.91,4197.23,4195.05,4194.47,4195.49,4196.67,4195.05,4194.05,4194.43,4193.88,4197.75,4196.19,4194.27,4193.28,4192.4,4192.4,4193.7,4192.1,4193.4,4195.091
2021-11-30,4201.1,4198.95,4197.22,4195.05,4194.32,4195.56,4196.53,4195.05,4194.08,4194.4,4193.78,4197.81,4196.14,4194.26,4193.36,4192.36,4192.4,4193.7,4192.2,4193.4,4195.0835
2021-12-01,4201.1,4198.93,4197.24,4195.08,4194.33,4195.5,4196.56,4195.04,4194.06,4194.4,4193.8,4198.09,4196.18,4194.24,4193.31,4192.37,4192.4,4193.7,4192.1,4193.4,4195.0915
2021-12-02,4201.1,4198.86,4197.24,4195.06,4194.33,4195.48,4196.59,4194.99,4194.17,4194.42,4193.8,4197.83,4196.14,4194.25,4193.31,4192.37,4192.5,4193.7,4192.2,4193.4,4195.087
2021-12-03,4201.1,4198.96,4197.23,4195.06,4194.31,4195.58,4196.55,4195.04,4194.11,4194.41,4193.82,4197.94,4196.21,4194.35,4193.31,4192.38,4192.3,4193.9,4192.1,4193.4,4195.103
2021-12-04,4201.1,4199.04,4197.24,4195.05,4194.31,4195.65,4196.57,4195.04,4194.1,4194.34,4193.81,4197.8,4196.22,4194.4,4193.33,4192.37,4192.3,4193.7,4192.1,4193.4,4195.0935
2021-12-05,4201.1,4198.87,4197.26,4195.07,4194.32,4195.49,4196.56,4195.05,4194.08,4194.41,4193.8,4197.82,4196.23,4194.23,4193.33,4192.38,4192.5,4193.7,4192.1,4193.5,4195.09
2021-12-06,4201.1,4199.03,4197.27,4195.08,4194.33,4195.61,4196.58,4195.07,4194.09,4194.35,4193.83,4197.78,4196.24,4194.23,4193.35,4192.39,4192.3,4193.7,4192.1,4193.5,4195.0965
2021-12-07,4201.1,4199.12,4197.29,4195.06,4194.27,4195.54,4196.59,4195.12,4194.08,4194.33,4193.86,4197.78,4196.25,4194.34,4193.37,4192.38,4192.3,4193.7,4192.1,4193.5,4195.104
2021-12-08,4201.1,4199.05,4197.26,4195.16,4194.29,4195.49,4196.6,4195.17,4194.19,4194.46,4193.87,4197.81,4196.37,4194.33,4193.39,4192.4,4192.2,4193.7,4192.1,4193.5,4195.122
2021-12-09,4201.1,4199.09,4197.25,4195.08,4194.35,4195.45,4196.6,4195.19,4194.13,4194.32,4193.89,4197.79,4196.27,4194.28,4193.4,4192.41,4192.2,4193.7,4192.1,4193.5,4195.105
2021-12-10,4201.2,4199.13,4197.26,4195.2,4194.36,4195.44,4196.61,4195.25,4194.07,4194.32,4193.93,4197.79,4196.22,4194.25,4193.4,4192.42,4192.2,4193.7,4192.1,4193.5,4195.1175
2021-12-11,4201.1,4199.1,4197.24,4195.2,4194.38,4195.5,4196.62,4195.27,4194.09,4194.31,4193.94,4197.79,4196.22,4194.27,4193.37,4192.43,4192.3,4193.7,4192.1,4193.6,4195.1265
2021-12-12,4201.1,4199.09,4197.23,4195.2,4194.39,4195.5,4196.62,4195.18,4194.08,4194.33,4193.96,4197.79,4196.22,4194.28,4193.34,4192.45,4192.3,4193.7,4192.3,4193.6,4195.133
2021-12-13,4201.1,4199.03,4197.24,4195.2,4194.4,4195.51,4196.65,4195.2,4194.18,4194.37,4193.98,4197.79,4196.26,4194.26,4193.41,4192.44,4192.2,4193.7,4192.2,4193.6,4195.136
2021-12-14,4201.1,4199.12,4197.26,4195.16,4194.4,4195.51,4196.65,4195.19,4194.04,4194.39,4194.01,4197.8,4196.31,4194.25,4193.44,4192.55,4192.2,4193.7,4192.2,4193.7,4195.149
2021-12-15,4201.2,4199.19,4197.3,4195.28,4194.4,4195.5,4196.73,4195.14,4193.98,4194.39,4194.15,4197.79,4196.33,4194.25,4193.4,4192.65,4192.3,4193.7,4192.2,4193.7,4195.179
2021-12-16,4201.1,4199.11,4197.3,4195.09,4194.41,4195.53,4196.73,4195.18,4194.05,4194.39,4194.08,4197.8,4196.26,4194.25,4193.42,4192.51,4192.3,4193.8,4192.2,4193.7,4195.1605
2021-12-17,4201.3,4199.13,4197.3,4195.1,4194.41,4195.44,4196.7,4195.18,4194.04,4194.39,4194.05,4197.8,4196.22,4194.26,4193.41,4192.52,4192.5,4193.8,4192.2,4193.7,4195.1725
2021-12-18,4201.1,4199.13,4197.3,4195.1,4194.42,4195.52,4196.75,4195.18,4194.04,4194.39,4194.09,4197.83,4196.41,4194.26,4193.4,4192.5,4192.2,4193.8,4192.2,4193.7,4195.166
2021-12-19,4201.1,4199.13,4197.26,4195.1,4194.45,4195.54,4196.73,4195.18,4194,4194.4,4194.07,4197.8,4196.44,4194.36,4193.42,4192.52,4192.2,4193.8,4192.2,4193.7,4195.17
2021-12-20,4201.1,4199.16,4197.28,4195.1,4194.49,4195.55,4196.7,4195.22,4194.03,4194.4,4194.18,4197.8,4196.26,4194.37,4193.42,4192.52,4192.2,4193.9,4192.2,4193.7,4195.179
2021-12-21,4201.1,4199.16,4197.28,4195.12,4194.5,4195.56,4196.71,4195.36,4194.02,4194.4,4194.19,4197.84,4196.29,4194.37,4193.48,4192.46,4192.2,4194,4192.3,4193.7,4195.202
2021-12-22,4201.1,4199.13,4197.34,4195.12,4194.5,4195.57,4196.72,4195.24,4194.1,4194.42,4194.24,4197.91,4196.3,4194.37,4193.66,4192.57,4192.2,4193.8,4192.3,4193.7,4195.2145
2021-12-23,4201.1,4199.16,4197.4,4195.13,4194.63,4195.57,4196.72,4195.23,4194.07,4194.49,4194.34,4197.81,4196.28,4194.36,4193.56,4192.72,4192.2,4193.9,4192.2,4193.8,4195.2335
2021-12-24,4201.2,4199.17,4197.33,4195.15,4194.5,4195.58,4196.72,4195.35,4194,4194.42,4194.36,4197.81,4196.39,4194.38,4193.5,4192.56,4192.2,4193.8,4192.3,4193.8,4195.226
2021-12-25,4201.2,4199.12,4197.31,4195.2,4194.5,4195.6,4196.72,4195.34,4193.89,4194.41,4194.4,4197.8,4196.31,4194.38,4193.74,4192.8,4192.4,4193.9,4192.3,4193.8,4195.256
2021-12-26,4201.2,4199.14,4197.29,4195.41,4194.51,4195.63,4196.72,4195.25,4194.11,4194.42,4194.41,4197.81,4196.32,4194.39,4193.66,4192.7,4192.2,4193.9,4192.4,4193.8,4195.2635
2021-12-27,4201.2,4199.15,4197.33,4195.4,4194.54,4195.64,4196.76,4195.26,4194.06,4194.4,4194.42,4197.83,4196.41,4194.4,4193.49,4192.61,4192.2,4193.9,4192.4,4193.9,4195.265
2021-12-28,4201.2,4199.14,4197.31,4195.26,4194.52,4195.64,4196.95,4195.2,4194.08,4194.4,4194.43,4197.84,4196.36,4194.39,4193.48,4192.62,4192.2,4193.9,4192.4,4193.9,4195.261
2021-12-29,4201.2,4199.14,4197.28,4195.2,4194.43,4195.74,4196.89,4195.23,4194.08,4194.41,4194.49,4197.84,4196.36,4194.4,4193.52,4192.61,4192.2,4193.9,4192.3,4193.8,4195.251
2021-12-30,4201.2,4199.16,4197.3,4195.29,4194.41,4195.69,4196.8,4195.34,4194.08,4194.44,4194.71,4197.84,4196.39,4194.4,4193.39,4192.63,4192.2,4193.9,4192.3,4193.8,4195.2635
2021-12-31,4201.2,4199.16,4197.33,4195.31,4194.4,4195.66,4196.8,4195.29,4194.08,4194.43,4194.62,4197.95,4196.42,4194.4,4193.54,4192.67,4192.2,4193.9,4192.4,4193.8,4195.278
