datetime,day,month,prcp-2000,prcp-2001,prcp-2002,prcp-2003,prcp-2004,prcp-2005,prcp-2006,prcp-2007,prcp-2008,prcp-2009,prcp-2010,prcp-2011,prcp-2012,prcp-2013,prcp-2014,prcp-2015,prcp-2016,prcp-2017,prcp-2018,prcp-2019,prcp-average,snow-2000,snow-2001,snow-2002,snow-2003,snow-2004,snow-2005,snow-2006,snow-2007,snow-2008,snow-2009,snow-2010,snow-2011,snow-2012,snow-2013,snow-2014,snow-2015,snow-2016,snow-2017,snow-2018,snow-2019,snow-average
1/1/2021,1,1,0.02,0,0,0,0,0.05,0.05,0,0,0,0,0,0,0,0,0,0,0,0,0,0.006,0.2,0.1,0,0,0,0.3,0,0,0,0,0,0,0,0,0,0,0,0,0,0,0.03
1/2/2021,2,1,0.31,0.02,0,0,0.16,0,0,0,0,0.42,0.04,0,0,0,0,0,0,0.29,0,0,0.062,3.7,0.2,0,0,2.1,0,0,0,0,2.4,0.6,0,0,0,0,0,0,6.8,0,0,0.79
1/3/2021,3,1,0.1,0,0,0,0.02,0,0.09,0,0,0,0,0,0,0.01,0,0,0,0.01,0,0,0.0115,1,0,0,0,1.1,0,0,0,0,0,0,0,0,0.2,0,0,0,0.6,0,0,0.145
1/4/2021,4,1,0.22,0,0.13,0,0.01,0,0,0.44,0,0,0,0,0,0,0.11,0,0,0.2,0,0,0.0555,2.7,0,2,0,0.1,0,0,4.9,0,0,0,0,0,0,2.5,0,0,3.2,0,0,0.77
1/5/2021,5,1,0.02,0,0,0.02,0,0.23,0,0,0.4,0.09,0,0,0,0,0,0,0.01,0.1,0,0,0.0435,0.1,0,0,0,0,3.1,0,0,2,2,0,0,0,0,0,0,0,1.5,0,0,0.435
1/6/2021,6,1,0,0.01,0.02,0,0,0.07,0,0,0.16,0.15,0,0,0,0,0,0,0.11,0,0.22,0.22,0.048,0,0.1,0.3,0,0,2,0,0,2,1.7,0,0,0,0,0,0,0,0,0.3,1,0.37
1/7/2021,7,1,0.01,0,0,0,0.03,0.01,0,0,0,0,0,0,0.26,0,0,0,0.03,0.01,0.01,0.07,0.0215,0.1,0,0,0,1.2,0.2,0,0,0,0,0,0,3.9,0,0,0,0.1,0,0,0.4,0.295
1/8/2021,8,1,0,0,0,0,0,0.03,0.02,0,0,0.21,0,0.04,0,0,0.19,0,0.14,0.08,0,0,0.0355,0,0,0,0,0,0,0,0,0,0.4,0,0.7,0,0,3,0,1.7,0.1,0,0,0.295
1/9/2021,9,1,0,0,0,0,0,0,0,0,0.09,0,0,0.07,0,0,0.13,0,0,0.09,0.02,0,0.02,0,0,0,0,0,0,0,0,1.4,0,0,2,0,0,2.6,0,0,0,0,0,0.3
1/10/2021,10,1,0.3,0.04,0,0.06,0,0.22,0,0,0,0,0,0.03,0,0.42,0,0.07,0,0,0.06,0,0.06,2.8,0.3,0,0,0,0,0,0,0,0,0,0.7,0,6.3,0,0,0,0,0,0,0.505
1/11/2021,11,1,0.06,0.1,0,0,0.01,0.34,0.14,0.15,0.04,0,0,0,0,0.09,0,0.03,0,0.18,0,0,0.057,0,0,0,0,0.3,0.5,0.6,2.6,0.4,0,0,0,0,2.6,0,0,0,0,0,0,0.35
1/12/2021,12,1,0,0.01,0,0,0,0,0,0.01,0,0,0,0,0,0.07,0.14,0.69,0,0.05,0,0,0.0485,0,0,0,0,0,0,0,0.1,0,0,0,0,0,1.3,0.2,0.1,0,0.4,0,0,0.105
1/13/2021,13,1,0,0.03,0,0,0,0,0,0,0.05,0,0,0.08,0,0,0,0.02,0,0,0,0,0.009,0,0.4,0,0,0,0,0,0,0.9,0,0,0.8,0,0,0,0.2,0,0,0,0,0.115
1/14/2021,14,1,0,0.04,0,0,0,0,0.01,0,0,0,0,0.01,0,0,0,0,0.01,0,0,0,0.0035,0,0.8,0,0,0,0,0,0,0,0,0,0.1,0,0,0,0,0.1,0,0,0,0.05
1/15/2021,15,1,0,0.02,0.18,0,0,0,0.2,0,0,0,0,0,0,0,0,0,0.07,0,0,0.04,0.0255,0,0.3,1.8,0,0,0,2.2,0,0.2,0,0.1,0,0,0,0,0,0.8,0,0,0.5,0.295
1/16/2021,16,1,0,0,0,0,0.01,0,0,0,0,0,0,0.1,0.04,0,0,0,0.03,0,0,0.04,0.011,0,0,0,0,0.1,0,0,0,0,0,0,0,0.5,0,0,0,0,0,0,0.5,0.055
1/17/2021,17,1,0,0,0,0,0,0,0,0,0,0,0,0.04,0,0,0,0,0,0,0,0.76,0.04,0,0,0,0,0,0,0,0,0,0,0,0,0,0,0,0,0,0,0,0,0
1/18/2021,18,1,0.2,0,0.13,0,0,0,0.25,0,0.01,0,0.06,0,0.21,0,0,0,0.34,0,0,0.01,0.0605,0,0,2.5,0,0,0,2.4,0,0.6,0,0.5,0,0,0.1,0,0,0,0,0,0,0.305
1/19/2021,19,1,0,0.08,0,0,0,0,0.06,0,0,0,0.08,0.14,0.03,0,0,0.05,0,0.14,0.23,0,0.0405,0,0.8,0,0,0,0,0.7,0,0,0,0,0,0,0,0,0,0,1.1,2.2,0,0.24
1/20/2021,20,1,0,0.01,0,0,0,0,0,0.01,0,0,0.02,0,0,0,0,0,0.07,0.02,0.24,0,0.0185,0,0.3,0,0,0,0,0,0.2,0,0,0,0,0,0,0,0,0,0.7,6.7,0,0.395
1/21/2021,21,1,0.25,0,0,0,0.01,0,0,0.06,0.34,0,0.09,0,0.87,0,0,0,0,0.54,0,0.61,0.1385,0,0,0,0,0.2,0,0.1,2,6.1,0,0,0,1.1,0,0,0,0,6.1,0,4,0.98
1/22/2021,22,1,0.04,0,0.5,0,0,0,0,0,0,0.02,0.01,0.02,0,0,0,0,0,0.01,0,0,0.03,0.3,0,5,0,0,0,0,0,0,0,0,0,0,0,0,0,0,0,0,0,0.265
1/23/2021,23,1,0,0,0,0,0,0,0,0,0,0.22,0,0,0.26,0,0,0,0.36,0.15,0,0.01,0.05,0,0,0,0,0,0,0,0,0,0,0,0,1.4,0,0,0,2.2,0.6,0,0.2,0.22
1/24/2021,24,1,0,0,0,0,0,0,0,0,0.02,0.24,0,0,0,0.09,0,0,0.23,0.01,0,0,0.0295,0,0,0,0,0,0,0,0,0.4,0,0,0,0,0,0,0,1.6,0.2,0,0,0.11
1/25/2021,25,1,0.31,0.24,0,0,0.14,0,0,0,0,0.76,0,0.08,0,0,0,0,0,0.09,0.03,0,0.0825,0,1.6,0,0,4.1,0,0,0,0,2.8,0,1.5,0,0,0,0,0,1.6,0.2,0,0.59
1/26/2021,26,1,0.05,0,0,0,0,0.03,0,0,0,0.03,0.02,0,0.12,0,0,0,0,0,0.01,0,0.013,0,0,0,0,0,0,0,0,0,0.7,0.4,0,0,0,0,0,0,0.3,0.2,0,0.08
1/27/2021,27,1,0,0,0,0.1,0,0.31,0.15,0,0,0,0,0,0,0.58,0,0,0,0,0,0,0.057,0,0,0,0,0,0.6,1.4,0,0,0,0,0,0,9.3,0,0,0,0,0,0,0.565
1/28/2021,28,1,0,0,0.23,0.46,0.01,0,0.05,0,0.12,0.01,0,0,0,0.03,0,0,0,0,0,0,0.0455,0,0,4.5,0,0.2,0,0.5,0,2,0.3,0,0,0,0.6,0,0,0,0,0,0,0.405
1/29/2021,29,1,0,0.14,0,0,0,0.15,0,0,0.01,0,0,0,0,0.1,0.51,0,0.03,0,0,0,0.047,0,1.5,0,0,0,0,0,0,0.1,0,0,0,0,1.9,1,0,0,0,0,0,0.225
1/30/2021,30,1,0,0.04,0,0,0.06,0,0.02,0,0.06,0,0,0.03,0,0.13,0.12,0,0.5,0,0,0,0.048,0,0.1,0,0,0.5,0,0,0,1,0,0,0.1,0,1.5,0.8,0,4,0,0,0,0.4
1/31/2021,31,1,0.28,0,0,0,0,0,0.32,0.06,0,0,0.06,0,0,0,0,0,0.01,0,0,0,0.0365,4.1,0,0,0,0,0,1.3,1,0,0,0.7,0,0,0,0,0,0,0,0,0,0.355
2/1/2021,1,2,0,0,0,0,0,0,0.34,0.01,0.12,0,0,0,0,0,0,0,0.06,0,0,0,0.0265,0,0,0,0,0,0,0.1,0.3,2.7,0,0,0,0,0,0,0,0.5,0,0,0,0.18
2/2/2021,2,2,0,0,0,0.55,0,0,0.16,0,0,0,0,0,0.06,0,0,0.01,0,0.03,0,0,0.0405,0,0,0,4.3,0,0,0.4,0,0,0,0,0,0.5,0,0,0,0,0,0,0,0.26
2/3/2021,3,2,0,0,0,0.02,0.07,0,0,0,0.09,0,0,0,0,0,0.02,0,0.01,0,0,0.07,0.014,0,0,0,0.2,1.1,0,0,0,1.2,0,0,0,0,0,0.3,0,0.5,0,0,0,0.165
2/4/2021,4,2,0,0,0,0.12,0.21,0,0.08,0,0.04,0,0,0,0,0,0.08,0.03,0.02,0.01,0,0.01,0.03,0,0,0,2.4,3.3,0,0.5,0,1.3,0,0,0,0,0,1.5,0,0.2,0,0,0,0.46
2/5/2021,5,2,0,0,0,0,0.07,0,0,0,0,0,0.02,0,0,0,0,0,0.02,0,0,0.06,0.0085,0,0,0,0,1.4,0,0,0,0,0,0,0,0,0,0,0,0.7,0,0,1.2,0.165
2/6/2021,6,2,0,0.31,0,0,0,0.07,0,0,0.04,0.01,0.04,0,0,0,0,0,0,0,0,0.33,0.04,0,2.6,0,0,0,0.9,0,0,1.1,0,0,0,0,0,0,0,0,0,0,4.1,0.435
2/7/2021,7,2,0,0.2,0,0,0.18,0.43,0,0,0,0,0,0.06,0,0,0.01,0.01,0,0,0,0.04,0.0465,0,1.8,0,0,4.9,7.6,0,0,0,0,0,0.3,0,0,0.2,0,0,0,0,1.5,0.815
2/8/2021,8,2,0,0,0.07,0,0.13,0,0,0,0,0.01,0,0.01,0.02,0.03,0.12,0,0,0,0,0,0.0195,0,0,0.7,0,2,0,0,0,0,0,0,0.2,0,0.4,0,0,0,0,0,0,0.165
2/9/2021,9,2,0,0,0,0,0,0,0,0,0,0.13,0,0,0,0.09,0.2,0.11,0,0,0,0,0.0265,0,0,0,0,0,0,0,0,0,0.3,0,0,0,2,0,0,0,0,0,0,0.115
2/10/2021,10,2,0.01,0,0,0,0,0,0,0.02,0,0.11,0,0,0,0.1,0.25,0.01,0,0.48,0,0.16,0.057,0,0,0,0,0,0,0,0,0,1.2,0,0,0,1.9,0,0,0,0,0,3,0.305
2/11/2021,11,2,0.37,0.07,0,0,0,0.1,0,0.2,0,0.01,0.12,0,0,0,0,0,0,0.28,0,0,0.0575,0,1.3,0,0,0,0,0,0,0,0.1,2.2,0,0,0,0,0,0,0,0,0.3,0.195
2/12/2021,12,2,0.24,0.01,0,0,0,0.31,0,0.07,0,0,0.01,0,0.39,0,0.01,0,0,0,0,0,0.052,0.9,0,0,0,0,0.5,0,0,0,0,0,0,0.3,0,0,0,0,0,0,0,0.085
2/13/2021,13,2,0,0.03,0,0.04,0,0,0,0,0.16,0,0.02,0,0,0,0.17,0,0,0,0,0.17,0.0295,0,0.6,0,0,0,0,0,0,2.7,0,0,0,0,0,0,0,0,0,0,0,0.165
2/14/2021,14,2,0.14,0.05,0,0.07,0,0.03,0,0,0.11,0.23,0,0,0,0,0,0,0.09,0,0,0.02,0.037,0,0.5,0,0,0,0,0,0,4.1,3.3,0,0,0,0,0,0,0.4,0,0,0,0.415
2/15/2021,15,2,0,0,0,0,0,0.08,0.17,0.02,0,0,0.03,0,0.07,0,0,0,0,0,0.01,0.23,0.0305,0,0,0,0,0,2.1,3.7,0.1,0,0,0,0,0.2,0,0,0,0,0,0.2,2.4,0.435
2/16/2021,16,2,0.02,0,0,0.06,0,0,0.26,0.03,0,0,0,0.25,0,0,0.01,0,0,0,0,0,0.0315,0,0,0,0,0,0.2,6,0,0,0,0,3.7,0,0,0,0,0,0,0,0,0.495
2/17/2021,17,2,0.32,0,0,0,0,0,0,0,0,0.21,0,0,0,0,0,0,0,0.01,0,0.04,0.029,2.7,0,0,0,0,0,0,0,0,0.7,0,0,0,0,0,0,0,0,0,0.6,0.2
2/18/2021,18,2,0.02,0.04,0,0,0,0,0.03,0,0,0,0.03,0,0.07,0,0,0,0.31,0,0.26,0,0.038,0.2,0,0,0,0,0,0.8,0,0,0,0,0,0.4,0,0,0,1.5,0,1,0,0.195
2/19/2021,19,2,0,0.13,0,0,0.33,0.01,0.08,0.28,0,0,0,0.22,0.2,0,0.04,0,0,0.12,0.51,0,0.096,0,0,0,0,0.5,0,2,3.5,0,0,0,0,2,0,0.2,0,0,0,6.5,0,0.735
2/20/2021,20,2,0,0,0.22,0,0,0.2,0,0,0.02,0,0,0.19,0,0.05,0,0,0,0,0.05,0,0.0365,0,0,0,0,0,0,0,0,0,0,0,2.4,0,0.6,0,0,0,0,0.9,0,0.195
2/21/2021,21,2,0.27,0,0,0,0.01,0,0,0,0.17,0,0,0,0.02,0.03,0,0.03,0,0.36,0,0.01,0.045,0,0,0,0,0.1,0,0,0,4,0,0.1,0,0,0.7,0,0,0,0,0,0.1,0.25
2/22/2021,22,2,0.01,0,0,0,0,0,0,0,0,0,0,0,0,0.1,0,0,0.01,0.1,0,0.06,0.014,0,0,0,0,0,0,0,0,0,0,0,0,0,2.4,0,0,0,0.7,0,0.7,0.19
2/23/2021,23,2,0,0.63,0,0,0,0,0,0.37,0.06,0.01,0,0,0,0.27,0,0,0,0.08,0.22,0,0.082,0,6.2,0,0,0,0,0,3.8,0.3,0,0,0,0,6.2,0,0,0,1.8,5.5,0,1.19
2/24/2021,24,2,0.27,0,0.01,0.07,0.02,0,0,0,0.3,0.04,0.15,0,0,0,0,0,0,0.02,0,0,0.044,1.3,0,0,0.7,0,0,0,0,0,0,0,0,0,0,0,0,0,0.5,0,0,0.125
2/25/2021,25,2,0,0.02,0,0.13,0,0,0,0.24,0.13,0.05,0.08,0.1,0,0,0,0,0,0,0.01,0,0.038,0,0,0,1.4,0,0,0,1.9,0,0,0,1.2,0,0,0,0,0,0,0.1,0,0.23
2/26/2021,26,2,0,0,0,0,0.15,0,0,0,0,0,0,0.24,0,0.01,0,0.1,0,0,0,0,0.025,0,0,0,0,0.1,0,0,0,0,0,0,3.2,0,0.5,0,0,0,0,0,0,0.19
2/27/2021,27,2,0,0,0,0,0.05,0,0,0.24,0,0.02,0,0,0.02,0,0.56,0,0,0.19,0,0.02,0.055,0,0,0,0,0,0,0,2.5,0,0.7,0,0,0,0,0,0,0,3.4,0,0,0.33
2/28/2021,28,2,0.13,0.01,0,0,0.95,0,0.14,0.05,0,0,0,0,0.02,0,0.1,0.01,0,0.01,0,0.04,0.073,0,0.1,0,0,5.2,0,0,1,0,0,0,0,0.1,0,0,0,0,0.3,0.1,0,0.34
3/1/2021,1,3,0,0,0,0.09,0,0.01,0,0,0.35,0,0,0,0.16,0,0.03,0,0,0,0,0,0.032,0,0,0,1.4,0,0,0,0,1.3,0,0,0,1.8,0,0,0,0,0,0,0,0.225
3/2/2021,2,3,0,0.06,0,0,0,0,0,0.09,0,0,0,0,0,0,0.01,0.3,0,0,0,0.3,0.038,0,0,0,0,0,0,0,1.9,0,0,0,0,0,0,0,0.3,0,0,0,1.3,0.175
3/3/2021,3,3,0,0.21,0,0.06,0,0,0,0,0,0,0,0.1,0,0.34,0,0.18,0,0,0.05,0.06,0.05,0,1.7,0,0.3,0.1,0,0,0,0,0,0,0,0,0,0,2.5,0,0,0.7,0.8,0.305
3/4/2021,4,3,0,0,0,0.16,0.15,0,0,0,0,0.15,0.2,0,0,0,0.17,0,0,0,0.71,0,0.077,0,0,0,1.6,2.3,0,0,0,0,0,0.5,0,0,0,0,0,0,0,7.6,0,0.6
3/5/2021,5,3,0,0,0,0.19,0.08,0,0,0,0,0.13,0.34,0,0,0,0,0,0,0.27,0,0,0.0505,0,0,0,1.6,1.5,0,0,0,0,1,2.5,0,0,0,0,0,0,3.4,0,0,0.5
3/6/2021,6,3,0.01,0,0,0,0.06,0,0,0,0,0,0,0.26,0.1,0,0.09,0,0.6,0,0,0.14,0.063,0,0,0,0,0,0,0,0,0,0,0,0,1.7,0,0,0,0,0,0,0,0.085
3/7/2021,7,3,0,0,0.07,0,0,0,0.29,0,0,0,0,0.9,0,0,0,0,0.01,0,0,0.36,0.0815,0,0,0,0,0,0,0,0,0,0,0,3.6,0,0,0,0,0,0,0,0,0.18
3/8/2021,8,3,0,0,0.38,0,0,0,0,0.04,0.04,0,0,0.23,0,0.02,0,0,0,0,0,0.3,0.0505,0,0,4.6,0,0,0,0,0,0,0,0,2.4,0,0,0,0,0,0,0,0.6,0.38
3/9/2021,9,3,0.08,0.13,0,0,0,0,0.12,0,0,0.06,0.03,0,0,0,0,0,0.04,0,0,0.02,0.024,0.3,0,0,0,0,0,1.4,0,0,0.9,0,0,0,0,0,0,0,0,0,0.5,0.155
3/10/2021,10,3,0.09,0,0,0,0,0,0,0.04,0,0,0,0,0,0,0,0,0,0,0,0.02,0.0075,0.6,0,0,0,0,0,0,0,0,0,0,0,0,0,0,0,0,0,0,0,0.03
3/11/2021,11,3,0,0.26,0,0,0,0,0.01,0,0,0,0,0,0,0,0.04,0,0,0,0,0,0.0155,0,0.7,0,0,0,0,0.1,0,0,0,0,0,0,0,0,0,0,0,0,0,0.04
3/12/2021,12,3,0.01,0,0.04,0,0,0,0.25,0,0,0,0,0.04,0,0,0,0.05,0,0,0,0.21,0.03,0,0,0,0,0,0,3.8,0,0,0,0,0,0,0,0,0,0,0,0,0,0.19
3/13/2021,13,3,0,0,0.49,0,0,0,0.02,0,0.12,0,0.55,0,0,0,0,0,0,0,0,0.12,0.065,0,0,1.1,0,0,0,0.6,0,0,0,1,0,0,0,0,0,0,0,0,2.9,0.28
3/14/2021,14,3,0,0,0.01,0.04,0,0,0,0,0.08,0,0,0.01,0,0,0.01,0,0.24,0,0.66,0,0.0525,0,0,0.1,0,0,0,0,0,1,0,0,0,0,0,0,0,0.1,0,0,0,0.06
3/15/2021,15,3,0.03,0,0,0.24,0,0,0.45,0,0.09,0,0,0,0,0,0,0,0,0,0.3,0,0.0555,0,0,0,0,0,0,4.9,0,0,0,0,0,0,0,0,0,0,0,0.1,0,0.25
3/16/2021,16,3,0,0.4,0,0.22,0,0,0,0,0,0,0,0.35,0,0,0,0,0,0,0.01,0,0.049,0,2.9,0,0,0,0,0,0,0,0,0,0,0,0,0,0,0,0,0,0,0.145
3/17/2021,17,3,0.09,0,0.76,0.01,0,0.05,0.12,0,0,0,0,0,0,0,0,0,0,0,0.15,0,0.059,0,0,8.4,0,0,0,0,0,0,0,0,0,0,0,0,0,0,0,0.5,0,0.445
3/18/2021,18,3,0,0,0,0,0,0.03,0.05,0,0,0,0.01,0,0.25,0,0,0,0,0,0.01,0,0.0175,0,0,0,0,0,0.2,0,0,0,0,0,0,0,0,0,0,0,0,0,0,0.01
3/19/2021,19,3,0.15,0,0,0,0,0.01,0.41,0,0,0,0,0,0.03,0,0,0,0,0,0,0,0.03,1.5,0,0,0,0,0,1,0,0,0,0,0,0.4,0,0,0,0,0,0,0,0.145
3/20/2021,20,3,0.19,0,0,0,0,0.49,0.04,0,0.2,0,0,0.02,0,0.03,0,0,0,0,0,0,0.0485,1.9,0,0,0,0,0,0.5,0,0.2,0,0,0,0.1,0,0,0,0,0,0,0,0.135
3/21/2021,21,3,0,0,0,0,0,0.01,0.01,0.12,0,0,0,0,0,0.17,0,0,0,0,0,0.21,0.026,0,0,0,0,0,0,0,0,0,0,0,0,0,1,0,0,0,0,0,0,0.05
3/22/2021,22,3,0,0,0,0,0,0.07,0,0,0,0.19,0.06,0.02,0,0.1,0,0,0.53,0.19,0,0.11,0.0635,0,0,0,0,0,0,0,0,0,0,0,0,0,1,0,0,1.2,0,0,0,0.11
3/23/2021,23,3,0,0,0.09,0,0,0.81,0,0,0,0.23,0,0,0,0.05,0,0.13,0,1.97,0.4,0.07,0.1875,0,0,0,0,0,0.1,0,0,0,0,0,0,0,0.7,0,0,0,0.2,0,0,0.05
3/24/2021,24,3,0,0,0.48,0,0,0.21,0,0,0,0.02,0,0,0,0,0,0.05,0,0,0.01,0.44,0.0605,0,0,0.2,0,0,0,0,0,0,0,0,0,0,0,0,0,0,0,0,0,0.01
3/25/2021,25,3,0,0,0.15,0,0,0.01,0.2,0,0,0.53,0,0.25,0,0,0,0,0,0.53,0.25,0,0.096,0,0,0,0,0,0,0.5,0,0,0.1,0,1.1,0,0,0,0,0,0,1.2,0,0.145
3/26/2021,26,3,0,0,0,0.35,0.57,0,0.2,0,0,0.04,0.17,0,0,0,0.18,0,0,0,0.03,0,0.077,0,0,0,0,0,0,0.5,0,0,0.1,0,0,0,0,0,0,0,0,0.4,0,0.05
3/27/2021,27,3,0,0,0,0.03,0.02,0,0,0.33,0.13,0,0,0.32,0,0,0.07,0,0,0.4,0,0,0.065,0,0,0,0.4,0,0,0,0.1,2.3,0,0,2,0,0,0,0,0,0,0,0,0.24
3/28/2021,28,3,0.01,0.11,0,0,0,0.45,0.17,0.49,0,0,0,0.03,0.04,0,0,0,0.47,0,0,0.85,0.131,0,0,0,0,0,0,0,0.5,0,0,0,0,0,0,0,0,1.4,0,0,1,0.145
3/29/2021,29,3,0,0.38,0,0,0,0.14,0.42,0,0,0.26,0,0,0.01,0,0,0,0.25,0,0,0.75,0.1105,0,0,0,0,0,0.3,0,0,0,2.9,0,0,0,0,0,0,0,0,0,3.6,0.34
3/30/2021,30,3,0.14,0,0,0,0,0.15,0,0,0.05,0.1,0,0,0,0,0.49,0,0.01,0.15,0,0,0.0545,1.9,0,0,0,0,2.2,0,0,0.3,1,0,0,0,0,0.5,0,0,0,0,0,0.295
3/31/2021,31,3,0,0,0,0,0,0,0,0,0.28,0.01,0.54,0,0,0,0.02,0,0.07,0,0,0,0.046,0,0,0,0,0,0,0,0,3.2,0,1.7,0,0,0,0,0,0,0,0,0,0.245
4/1/2021,1,4,0,0,0,0,0.02,0,0.04,0,0,0.01,0.08,0,0.05,0.44,0.16,0,0,0,0,0,0.04,0,0,0,0,0,0,0,0,0,0.3,0.9,0,0,0,0,0,0,0,0,0,0.06
4/2/2021,2,4,0,0.4,0,0,0,0,0,0,0.06,0.17,0,0.58,0,0.19,0,0,0,0.08,0.05,0.01,0.077,0,0,0,0,0,0,0,0,0,0,0,1.7,0,0,0,0,0,0,0,0,0.085
4/3/2021,3,4,0,0,0,0.25,0,0,0,0,0,0.3,0.05,0.37,0,0,0,0,0,0,0,0.32,0.0645,0,0,0,1.8,0,0,0,0,0,1,0.1,2.4,0,0,0,0,0,0,0,0,0.265
4/4/2021,4,4,0,0.07,0,0,0,0.32,0,0,0,0.04,0.07,0,0,0,0,0,0,0,0,0,0.025,0,0,0,0,0,0,0,0,0,0.1,0.7,0,0,0,0,0,0,0,0,0,0.04
4/5/2021,5,4,0,0.16,0,0.24,0,0,0.11,0,0,0,0.22,0.13,0,0.16,0.05,0,0,0,0,0,0.0535,0,0,0,0,0,0,0,0,0,0,1.4,0,0,0,0,0,0,0,0,0,0.07
4/6/2021,6,4,0,0.2,0,0.12,0.23,0,1.1,0,0,0,0.05,0,0.11,0,0,0,0,0,0.06,0.19,0.103,0,0,0,0.5,0,0,0.5,0,0,0,0.6,0,1,0,0,0,0,0,0,0,0.13
4/7/2021,7,4,0,0.26,0,0.17,0.03,0,0,0,0.09,0,0,0.77,0,0,0,0,0,0,0.25,0,0.0785,0,0.5,0,2.1,0,0,0,0,0,0,0,1.7,0,0,0,0,0,0,0,0,0.215
4/8/2021,8,4,0,0.56,0,0,0.58,0.51,0,0.19,0,0.24,0,0.35,0,0.6,0,0.25,0,1.01,0.01,0,0.215,0,5.7,0,0,0,0,0,0,0,0,0,1.3,0,0,0,0,0,0.8,0,0,0.39
4/9/2021,9,4,0,0,0,0,0,0.15,0,0.05,0.01,0.18,0,0.28,0,0,0,0,0,0.14,0,0.49,0.065,0,0,0,0,0,0,0,0,0,0,0,0,0,0,0,0,0,0.2,0,0,0.01
4/10/2021,10,4,0,0,0.04,0,0,0,0.08,0,0.01,0,0,0,0,0,0,0,0,0,0,0.1,0.0115,0,0,0,0,0,0,0,0,0,0,0,0,0,0,0,0,0,0,0,0,0
4/11/2021,11,4,0,0,0,0,0,0,0.04,0,0,0.04,0,0,0.23,0.14,0,0,0,0,0,0,0.0225,0,0,0,0,0,0,0,0,0,0,0,0,0,0,0,0,0,0,0,0,0
4/12/2021,12,4,0,0.44,0,0,0,0,0,0,0,0,0.53,0.01,0.57,0,0.02,0,0.01,0,0.52,0.23,0.1165,0,3.7,0,0,0,0,0,0,0,0,0,0,0,0,0,0,0,0,0.2,0.2,0.205
4/13/2021,13,4,0,0,0,0,0,0,0,0,0,0,0.36,0.15,0.01,0.05,0.02,0,0.16,0,0.04,0.11,0.045,0,0,0,0,0,0,0,0,0,0,0.2,0,0,0,0,0,0,0,0.3,0,0.025
4/14/2021,14,4,0.55,0.03,0,0.04,0,0,0.35,0,0,0.55,0,0.08,0.09,0,0,0.29,0.65,0,0,0,0.1315,0,0,0,0,0,0,0,0,0,0,0,0,0,0,0,0.3,0,0,0,0,0.015
4/15/2021,15,4,0.01,0,0.48,0.17,0,0,0.65,0,0.05,0.45,0,0,0,0.12,0,0.51,0.07,0,0,0.47,0.149,0,0,0,0,0,0,0,0,0,0,0,0,0,0.1,0,5.5,0,0,0,0,0.28
4/16/2021,16,4,0,0,0.26,0,0,0,0,0,0,0.01,0,0.01,0,0,0,0,0,0,0.12,0.49,0.0445,0,0,1,0,0,0,0,0,0,0,0,0,0,0,0,0,0,0,0.4,0,0.07
4/17/2021,17,4,0,0,0.59,0,0.1,0,0.44,0,0,0,0,0,0.4,0,0,0,0,0,0.13,0,0.083,0,0,2.6,0,0,0,1.7,0,0,0,0,0,0,0,0,0,0,0,0.5,0,0.24
4/18/2021,18,4,0,0,0.09,0.55,0.39,0.32,0.1,0.25,0,0,0,0.6,0.01,0,0,0,0,0.64,0,0,0.1475,0,0,0,0,0,0,0,0,0,0,0,0,0,0,0,0,0,0,0,0,0
4/19/2021,19,4,0,0,0.17,0,0.08,0.54,0,0,0,0,0,0.12,0.03,0.05,0,0,0,0.02,0,0,0.0505,0,0,0,0,0,0,0,0,0,0,0,0,0,0,0,0,0,0,0,0,0
4/20/2021,20,4,0,0.3,0.07,0,0.2,0.12,0,0,0,0,0,0.08,0,0.2,0.01,0,0,0.29,0,0.08,0.0675,0,0,0,0,0,0,0,0,0,0,0,0,0,0,0,0,0,0,0,0,0
4/21/2021,21,4,0,0.03,0,0,0.48,0,0,0,0,0,0.4,0,0,0,0,0,0,0.06,0,0.57,0.077,0,0,0,0,0,0,0,0,0,0,0,0,0,0,0,0,0,0,0,0,0
4/22/2021,22,4,0.02,0.01,0,0.09,0.06,0,0,0.01,0,0,0.01,0,0,0,0.22,0,0,0,0,0,0.021,0,0,0,0,0,0,0,0,0,0,0,0,0,0,0,0,0,0,0,0,0
4/23/2021,23,4,0.13,0,0,0,0,0.03,0,0.03,0.01,0,0.14,0,0,0,0.08,0,0.22,0,0,0,0.032,0,0,0,0,0,0,0,0,0,0,0,0,0,0,0,0,0,0,0,0,0
4/24/2021,24,4,0.02,0,0,0,0,0.11,0.11,0,0.51,0.09,0,0,0,0,0,0.48,0.02,0.16,0,0,0.075,0,0,0,0,0,0,0,0,0,0,0,0,0,0,0,0,0,0,0,0,0
4/25/2021,25,4,0,0,0,0,0,0,0,0,0,0.46,0,0.12,0,0,0.01,0.37,0,0.51,0,0,0.0735,0,0,0,0,0,0,0,0,0,0,0,0,0,0,0,0,0,0,0,0,0
4/26/2021,26,4,0,0,0.08,0.02,0,0,0,0,0,0.01,0,0.19,0.79,0,0.69,0.42,0.09,0.13,0,0.01,0.1215,0,0,0,0,0,0,0,0,0,0,0,0,0,0,0,0,0,0,0,0,0
4/27/2021,27,4,0,0,0.62,0,0,0.16,0,0,0,0,0,0.01,0.01,0,0.06,0,0.14,0.13,0,0,0.0565,0,0,0,0,0,0,0,0,0,0,0,0,0,0,0,0,0,0,0,0,0
4/28/2021,28,4,0,0,0.09,0,0.19,0.81,0,0,0,0,0.14,0,0,0,0.23,0,0.03,0.05,0,0,0.077,0,0,0,0,1,0,0,0,0,0,0,0,0,0,0,0,0,0,0,0,0.05
4/29/2021,29,4,0.03,0,0,0,0.02,0,0,0,0,0,0.37,0.12,0,0,0,0,0,0,0.01,0,0.0275,0,0,0,0,0,0,0,0,0,0,1.6,0,0,0,0,0,0,0,0,0,0.08
4/30/2021,30,4,0,0,0,0,0,0.08,0.12,0,0.01,0,0.06,0.09,0,0,0,0,0,0,0.72,0.38,0.073,0,0,0,0,0,0,0,0,0,0,0,1.1,0,0,0,0,0,0,0,0,0.055
5/1/2021,1,5,0,0,0,0.21,0,0,0,0,0,0.05,0.17,0,0.24,0,0,0,0,0,0,0.02,0.0345,0,0,0,0,0,0,0,0,0,0,0,0,0,0,0,0,0,0,0,0,0
5/2/2021,2,5,0,0,0,0,0,0,0,0,0,0.71,0.07,0,0,0,0,0,0,0,0.16,0,0.047,0,0,0,0,0,0,0,0,0,0,0,0,0,0,0,0,0,0,0,0,0
5/3/2021,3,5,0,0,0.01,0.26,0,0,0.02,0.23,0,0.1,0,0,0,0,0,0,0,0,0,0,0.031,0,0,0,0,0,0,0,0,0,0,0,0,0,0,0,0,0,0,0,0,0
5/4/2021,4,5,0,0,0,0.4,0,0,0.29,0.06,0,0,0.03,0,0,0,0,0,0,0,0,0,0.039,0,0,0,0,0,0,0,0,0,0,0,0,0,0,0,0,0,0,0,0,0
5/5/2021,5,5,0,0,0,0,0,0.04,0.01,0.06,0,0,0,0,0,0,0,0.02,0,0,0,0,0.0065,0,0,0,0,0,0,0,0,0,0,0,0,0,0,0,0,0,0,0,0,0
5/6/2021,6,5,0,0,0,0,0,0.05,0,0,0,0,0,0,0,0.01,0.04,0.93,0.08,0,0,0,0.0555,0,0,0,0,0,0,0,0,0,0,0,0,0,0,0,0,0,0,0,0,0
5/7/2021,7,5,0.19,0,0,0.3,0,0.06,0,0,0.29,0,0,0,0,0.05,0.28,0.04,0.16,0,0,0.18,0.0775,0,0,0,0,0,0,0,0,0,0,0,0,0,0,0,0,0,0,0,0,0
5/8/2021,8,5,0.13,0,0,0.05,0,0,0.12,0,0.01,0,0,0.53,0,0.03,0.18,0.02,0.4,0,0,0,0.0735,0,0,0,0,0,0,0,0,0,0,0,0,0,0,0,0,0,0,0,0,0
5/9/2021,9,5,0,0,0,0.23,0,0.02,0,0,0,0,0,0.29,0,0,0.45,0.92,0.25,0,0,0,0.108,0,0,0,0,0,0,0,0,0,0,0,0,0,0,0,0,0,0,0,0,0
5/10/2021,10,5,0.2,0,0.06,0.22,0,0.6,0,0,0,0,0.27,0,0,0,0.01,0,0,0,0.05,0,0.0705,0,0,0,0,0,0,0,0,0,0,0,0,0,0,0,0,0,0,0,0,0
5/11/2021,11,5,0.16,0,0.04,0,0.02,0.81,0,0,0,0,0.18,0,0,0,0,0,0,0,0.02,0,0.0615,0.5,0,0,0,0,0,0,0,0,0,0,0,0,0,0,0,0,0,0,0,0.025
5/12/2021,12,5,0.02,0,0,0,0.01,0.05,0,0,0.13,0,0,0,0,0,0.01,0,0,0,0.23,0,0.0225,0,0,0,0,0,0,0,0,0,0,0,0,0,0,0,0,0,0,0,0,0
5/13/2021,13,5,0,0,0,0,0.02,0,0,0,0,0,0,0,0,0,0,0,0,0,0,0,0.001,0,0,0,0,0,0,0,0,0,0,0,0,0,0,0,0,0,0,0,0,0
5/14/2021,14,5,0,0,0,0,0,0,0,0,0,0.01,0,0.01,0,0,0,0.08,0,0,0.32,0,0.021,0,0,0,0,0,0,0,0,0,0,0,0,0,0,0,0,0,0,0,0,0
5/15/2021,15,5,0,0.05,0,0,0,0.02,0,0,0,0,0,0,0,0,0,0.01,0,0,0,0,0.004,0,0,0,0,0,0,0,0,0,0,0,0,0,0,0,0,0,0,0,0,0
5/16/2021,16,5,0,0.17,0,0,0,0.71,0,0,0,0,0,0,0,0,0,0.49,0.01,0.03,0,0.24,0.0825,0,0,0,0,0,0,0,0,0,0,0,0,0,0,0,0,0,0,0,0,0
5/17/2021,17,5,0.02,0,0,0,0,0.22,0,0,0,0,0,0.46,0,0.08,0,0.53,0,0.37,0,0.65,0.1165,0,0,0,0,0,0,0,0,0,0,0,0,0,0,0,0,0,0.1,0,0,0.005
5/18/2021,18,5,0.38,0,0,0,0,0,0,0,0,0,0.28,0.33,0.31,0.27,0,0.34,0,0,0,0.35,0.113,0,0,0,0,0,0,0,0,0,0,0,0,0,0,0,0,0,0,0,0,0
5/19/2021,19,5,0,0,0,0,0,0,0,0,0,0.03,0,0.69,0,0.09,0,0.14,0.21,0,0,0,0.058,0,0,0,0,0,0,0,0,0,0,0,0,0,0,0,0,0,0,0,0,0
5/20/2021,20,5,0,0,0,0,0,0,0,0,0,0,0,0.32,0,0.1,0,0.01,0.01,0,0.05,0,0.0245,0,0,0,0,0,0,0,0,0,0,0,0,0,0,0,0,0,0,0,0,0
5/21/2021,21,5,0,0,0.34,0,0.04,0,0,0.22,0.22,0,0.45,0,0,0,0,0,0.41,0.21,0,0.56,0.1225,0,0,0,0,0,0,0,0,0,0,0,0,0,0,0,0,0,0,0,0,0
5/22/2021,22,5,0,0,0.03,0,0,0,0,0,0.02,0,0.46,0.27,0,0,0,0,0.02,0,0.05,0.34,0.0595,0,0,0,0,0,0,0,0,0,0,0,0,0,0,0,0,0,0,0,0,0
5/23/2021,23,5,0,0,0,0,0,0,0,0,0,0.32,0.17,0.08,0,0,0,0.19,0,0,0.09,0.19,0.052,0,0,0,0,0,0,0,0,0,0,0,0,0,0,0,0,0,0,0,0,0
5/24/2021,24,5,0.03,0,0,0,0,0,0,0,0,0.14,0.69,0.51,0,0,0.07,0.15,0.01,0,0,0.04,0.082,0,0,0,0,0,0,0,0,0,0,0.2,0,0,0,0,0,0,0,0,0,0.01
5/25/2021,25,5,0.49,0,0,0,0.11,0,0,0,0,0,0,0,0,0,0,0.01,0,0,0,0,0.0305,0,0,0,0,0,0,0,0,0,0,0,0,0,0,0,0,0,0,0,0,0
5/26/2021,26,5,0,0,0,0,0,0,0,0,0.31,0,0,0,0.16,0,0,0.11,0,0,0,0,0.029,0,0,0,0,0,0,0,0,0,0,0,0,0,0,0,0,0,0,0,0,0
5/27/2021,27,5,0,0,0,0,0.1,0,0.2,0,0,0,0,0,0.01,0,0,0.1,0.01,0,0.17,0.4,0.0495,0,0,0,0,0,0,0,0,0,0,0,0,0,0,0,0,0,0,0,0,0
5/28/2021,28,5,0,0,0,0,0.36,0,0.15,0,0,0,0.03,0.65,0,0.6,0,0.1,0,0,0.01,0.51,0.1205,0,0,0,0,0,0,0,0,0,0,0,0,0,0,0,0,0,0,0,0,0
5/29/2021,29,5,0,0,0,0,0.29,0,0,0,0.03,0,0,0.57,0,0.03,0,0,0,0,0,0.11,0.0515,0,0,0,0,0,0,0,0,0,0,0,0,0,0,0,0,0,0,0,0,0
5/30/2021,30,5,0,0,0,0,0,0.3,0,0,0,0,0,0.43,0,0,0,0,0.01,0,0.11,0.18,0.0515,0,0,0,0,0,0,0,0,0,0,0,0,0,0,0,0,0,0,0,0,0
5/31/2021,31,5,0,0,0,0,0,0,0,0,0,0,0,0,0,0,0,0,0,0,0,0.01,0.0005,0,0,0,0,0,0,0,0,0,0,0,0,0,0,0,0,0,0,0,0,0
6/1/2021,1,6,0,0,0.02,0,0,0.05,0,0,0,0.24,0.04,0,0,0,0,0,0,0.13,0,0,0.024,0,0,0,0,0,0,0,0,0,0,0,0,0,0,0,0,0,0,0,0,0
6/2/2021,2,6,0,0,0.13,0,0,0,0,0,0,0.26,0.09,0,0,0,0,0,0,0,0,0,0.024,0,0,0,0,0,0,0,0,0,0,0,0,0,0,0,0,0,0,0,0,0
6/3/2021,3,6,0,0,0,0,0,0,0,0,0,0,0,0,0,0,0,0,0,0,0,0,0,0,0,0,0,0,0,0,0,0,0,0,0,0,0,0,0,0,0,0,0,0
6/4/2021,4,6,0,0,0,0,0,0,0,0,0.34,0,0.01,0,0,0,0,0,0,0,0,0,0.0175,0,0,0,0,0,0,0,0,0,0,0,0,0,0,0,0,0,0,0,0,0
6/5/2021,5,6,0,0,0,0,0,0.01,0,0,0.35,0.04,0,0,0,0,0,0,0,0,0,0,0.02,0,0,0,0,0,0,0,0,0,0,0,0,0,0,0,0,0,0,0,0,0
6/6/2021,6,6,0,0,0,0,0,0.65,0,0.74,0,0.01,0,0,0,0,0,0.37,0,0,0,0.09,0.093,0,0,0,0,0,0,0,0,0,0,0,0,0,0,0,0,0,0,0,0,0
6/7/2021,7,6,0,0,0,0,0,0.33,0,0.06,0.03,0.19,0.02,0,0,0,0,0,0,0,0,0.01,0.032,0,0,0,0,0,0,0,0,0,0,0,0,0,0,0,0,0,0,0,0,0
6/8/2021,8,6,0,0,0,0,0,0.08,0.28,0,0,0.08,0,0.02,0,0,0,0,0,0,0,0,0.023,0,0,0,0,0,0,0,0,0,0,0,0,0,0,0,0,0,0,0,0,0
6/9/2021,9,6,0.05,0,0.03,0,0.1,0,0.43,0,0,0.16,0.05,0,0,0,0,0,0,0,0,0,0.041,0,0,0,0,0,0,0,0,0,0,0,0,0,0,0,0,0,0,0,0,0
6/10/2021,10,6,0,0,0,0,1.4,0,0.01,0,0,0.17,0.15,0,0,0,0,0,0,0,0,0,0.0865,0,0,0,0,0,0,0,0,0,0,0,0,0,0,0,0,0,0,0,0,0
6/11/2021,11,6,0,0,0,0,0,0.51,0,0,0.03,0.23,0.22,0,0,0,0,0.15,0.32,0,0,0,0.073,0,0,0,0,0,0,0,0,0,0,0,0,0,0,0,0,0,0,0,0,0
6/12/2021,12,6,0,0.66,0,0,0,0.01,0,0,0,0,0.19,0,0,0,0,0,0,0,0,0,0.043,0,0,0,0,0,0,0,0,0,0,0,0,0,0,0,0,0,0,0,0,0
6/13/2021,13,6,0,0.45,0,0,0,0,0,0,0,0.07,0.04,0,0,0,0,0,0.19,0.12,0,0.01,0.044,0,0,0,0,0,0,0,0,0,0,0,0,0,0,0,0,0,0,0,0,0
6/14/2021,14,6,0,0,0,0,0,0,0,0,0,0.32,0,0.1,0,0,0,0,0,0,0,0,0.021,0,0,0,0,0,0,0,0,0,0,0,0,0,0,0,0,0,0,0,0,0
6/15/2021,15,6,0,0,0,0,0,0,0,0,0,0,0,0,0,0,0,0.13,0,0,0,0,0.0065,0,0,0,0,0,0,0,0,0,0,0,0,0,0,0,0,0,0,0,0,0
6/16/2021,16,6,0,0,0,0,0,0,0,0,0,0.02,0.15,0,0,0,0.1,0,0,0,0,0,0.0135,0,0,0,0,0,0,0,0,0,0,0,0,0,0,0,0,0,0,0,0,0
6/17/2021,17,6,0,0,0,0,0.15,0,0,0,0,0.06,0,0,0,0,0.49,0,0,0,0.02,0.01,0.0365,0,0,0,0,0,0,0,0,0,0,0,0,0,0,0,0,0,0,0,0,0
6/18/2021,18,6,0.02,0,0,0,0,0,0,0,0,0.11,0,0,0,0,0,0,0,0,0.03,0,0.008,0,0,0,0,0,0,0,0,0,0,0,0,0,0,0,0,0,0,0,0,0
6/19/2021,19,6,0,0,0,0,0,0,0,0,0,0,0,1.11,0,0,0,0,0,0,0,0,0.0555,0,0,0,0,0,0,0,0,0,0,0,0,0,0,0,0,0,0,0,0,0
6/20/2021,20,6,0,0,0,0.02,0,0,0,0,0,0.37,0,0,0,0,0,0,0,0,0,0.03,0.021,0,0,0,0,0,0,0,0,0,0,0,0,0,0,0,0,0,0,0,0,0
6/21/2021,21,6,0,0,0,0.11,0,0,0,0,0,0.03,0,0,0,0,0,0,0,0,0,0,0.007,0,0,0,0,0,0,0,0,0,0,0,0,0,0,0,0,0,0,0,0,0
6/22/2021,22,6,0,0,0,0,0,0,0,0,0,0,0,0,0,0,0,0,0,0,0,0,0,0,0,0,0,0,0,0,0,0,0,0,0,0,0,0,0,0,0,0,0,0
6/23/2021,23,6,0,0,0,0.58,0,0,0,0,0,0,0,0,0,0,0,0,0,0,0,0,0.029,0,0,0,0,0,0,0,0,0,0,0,0,0,0,0,0,0,0,0,0,0
6/24/2021,24,6,0,0.01,0,0.16,0,0,0,0,0,0,0,0,0,0,0,0,0,0,0,0,0.0085,0,0,0,0,0,0,0,0,0,0,0,0,0,0,0,0,0,0,0,0,0
6/25/2021,25,6,0,0,0,0.01,0,0,0,0,0,0,0,0,0,0,0,0,0,0,0,0,0.0005,0,0,0,0,0,0,0,0,0,0,0,0,0,0,0,0,0,0,0,0,0
6/26/2021,26,6,0,0,0,0,0,0,0,0,0,0.28,0,0,0,0,0.61,0,0,0,0,0,0.0445,0,0,0,0,0,0,0,0,0,0,0,0,0,0,0,0,0,0,0,0,0
6/27/2021,27,6,0,0,0,0,0,0,0,0,0,0,0,0,0,0,0,0,0,0,0,0,0,0,0,0,0,0,0,0,0,0,0,0,0,0,0,0,0,0,0,0,0,0
6/28/2021,28,6,0,0,0,0,0.05,0,0,0,0,0,0,0,0,0,0,0,0,0,0,0,0.0025,0,0,0,0,0,0,0,0,0,0,0,0,0,0,0,0,0,0,0,0,0
6/29/2021,29,6,0,0,0,0,0,0,0,0,0,0,0,0,0,0,0,0,0,0,0,0,0,0,0,0,0,0,0,0,0,0,0,0,0,0,0,0,0,0,0,0,0,0
6/30/2021,30,6,0.29,0,0,0,0,0,0,0,0,0,0,0,0,0,0,0,0.01,0,0,0,0.015,0,0,0,0,0,0,0,0,0,0,0,0,0,0,0,0,0,0,0,0,0
7/1/2021,1,7,0,0,0,0,0,0,0,0,0,0,0,0,0,0,0,0,0,0,0,0,0,0,0,0,0,0,0,0,0,0,0,0,0,0,0,0,0,0,0,0,0,0
7/2/2021,2,7,0,0,0,0,0,0,0,0,0,0.05,0,0,0,0,0,0,0,0,0,0,0.0025,0,0,0,0,0,0,0,0,0,0,0,0,0,0,0,0,0,0,0,0,0
7/3/2021,3,7,0,0,0,0,0,0,0,0,0,0,0,0.01,0,0,0,0,0,0,0,0,0.0005,0,0,0,0,0,0,0,0,0,0,0,0,0,0,0,0,0,0,0,0,0
7/4/2021,4,7,0,0,0,0,0,0,0.06,0,0,0,0,0,0,0.53,0,0,0,0,0,0.11,0.035,0,0,0,0,0,0,0,0,0,0,0,0,0,0,0,0,0,0,0,0,0
7/5/2021,5,7,0,0,0,0,0,0,0.02,0,0,0,0,0,0.29,0.18,0,0.03,0,0,0,0,0.026,0,0,0,0,0,0,0,0,0,0,0,0,0,0,0,0,0,0,0,0,0
7/6/2021,6,7,0,0.06,0,0,0,0,0.07,0,0,0,0,0,0,0.11,0,0,0,0,0,0,0.012,0,0,0,0,0,0,0,0,0,0,0,0,0,0,0,0,0,0,0,0,0
7/7/2021,7,7,0,0,0,0,0,0,0,0,0,0,0,0,0,0,0,0.03,0,0,0,0,0.0015,0,0,0,0,0,0,0,0,0,0,0,0,0,0,0,0,0,0,0,0,0
7/8/2021,8,7,0,0,0,0,0,0,0,0,0,0,0,0,0,0,0,0.93,0,0,0,0,0.0465,0,0,0,0,0,0,0,0,0,0,0,0,0,0,0,0,0,0,0,0,0
7/9/2021,9,7,0.19,0.66,0,0,0,0,0,0,0,0,0,0,0,0,0,0,0,0,0,0,0.0425,0,0,0,0,0,0,0,0,0,0,0,0,0,0,0,0,0,0,0,0,0
7/10/2021,10,7,0.23,0.01,0,0,0,0,0,0,0,0,0,0.03,0,0,0.06,0.02,0,0,0.02,0,0.0185,0,0,0,0,0,0,0,0,0,0,0,0,0,0,0,0,0,0,0,0,0
7/11/2021,11,7,0,0.37,0,0,0,0,0,0,0,0,0.02,0,0,0,0.03,0,0,0,0,0,0.021,0,0,0,0,0,0,0,0,0,0,0,0,0,0,0,0,0,0,0,0,0
7/12/2021,12,7,0,0,0,0,0,0,0,0,0,0.07,0,0.01,0,0,0,0,0,0,0,0,0.004,0,0,0,0,0,0,0,0,0,0,0,0,0,0,0,0,0,0,0,0,0
7/13/2021,13,7,0,0,0,0,0,0,0,0,0,0,0,0,0.01,0.1,0,0,0,0,0,0,0.0055,0,0,0,0,0,0,0,0,0,0,0,0,0,0,0,0,0,0,0,0,0
7/14/2021,14,7,0,0,0,0,0,0,0,0,0,0,0,0,0.02,0,0,0,0,0,0,0,0.001,0,0,0,0,0,0,0,0,0,0,0,0,0,0,0,0,0,0,0,0,0
7/15/2021,15,7,0,0.03,0,0,0,0,0,0,0,0,0,0,0,0.02,0,0,0,0,0,0,0.0025,0,0,0,0,0,0,0,0,0,0,0,0,0,0,0,0,0,0,0,0,0
7/16/2021,16,7,0,0,0,0,0,0,0,0,0,0,0,0,0.28,0.21,0,0,0,0,0.17,0,0.033,0,0,0,0,0,0,0,0,0,0,0,0,0,0,0,0,0,0,0,0,0
7/17/2021,17,7,0,0,0,0,0.25,0,0,0.01,0,0,0,0,0,0,0,0,0,0,0,0,0.013,0,0,0,0,0,0,0,0,0,0,0,0,0,0,0,0,0,0,0,0,0
7/18/2021,18,7,0,0,0.04,0,0.04,0,0,0,0,0,0,0,0,0,0,0,0,0.01,0,0,0.0045,0,0,0,0,0,0,0,0,0,0,0,0,0,0,0,0,0,0,0,0,0
7/19/2021,19,7,0,0,0.05,0,0.05,0,0,0,0,0,0,0.2,0,0,0,0,0,0,0,0,0.015,0,0,0,0,0,0,0,0,0,0,0,0,0,0,0,0,0,0,0,0,0
7/20/2021,20,7,0,0,0,0,0,0,0,0,0,0,0,0,0,0,0.13,0.06,0,0,0,0,0.0095,0,0,0,0,0,0,0,0,0,0,0,0,0,0,0,0,0,0,0,0,0
7/21/2021,21,7,0,0,0,0,0,0,0,0,0,0,0.01,0,0,0,0,0,0,0,0,0,0.0005,0,0,0,0,0,0,0,0,0,0,0,0,0,0,0,0,0,0,0,0,0
7/22/2021,22,7,0,0,0,0,0,0,0,0,0.14,0,0,0,0.11,0,0,0.15,0,0,0,0,0.02,0,0,0,0,0,0,0,0,0,0,0,0,0,0,0,0,0,0,0,0,0
7/23/2021,23,7,0,0,0.01,0,0,0,0,0,0,0,0,0,0,0,0,0,0,0,0,0,0.0005,0,0,0,0,0,0,0,0,0,0,0,0,0,0,0,0,0,0,0,0,0
7/24/2021,24,7,0,0,0.04,0.04,0,0,0,0,0,0.06,0,0,0,0,0,0,0,0.01,0,0,0.0075,0,0,0,0,0,0,0,0,0,0,0,0,0,0,0,0,0,0,0,0,0
7/25/2021,25,7,0,0,0,0.29,0,0,0,0.44,0,0.1,0,0,0,0,0,0,0,0.01,0,0,0.042,0,0,0,0,0,0,0,0,0,0,0,0,0,0,0,0,0,0,0,0,0
7/26/2021,26,7,0,0,0,0,0,0,0,0.07,0,0,0.01,0,0,0,0,0,0,0.47,0,0.26,0.0405,0,0,0,0,0,0,0,0,0,0,0,0,0,0,0,0,0,0,0,0,0
7/27/2021,27,7,0,0,0,0,0,0,0,0.01,0,0,0,0,0.02,0,0,0,0,0,0,0.02,0.0025,0,0,0,0,0,0,0,0,0,0,0,0,0,0,0,0,0,0,0,0,0
7/28/2021,28,7,0,0,0,0,0,0,0,0,0,0,0.05,0,0,0,0.15,0,0,0.01,0,0,0.0105,0,0,0,0,0,0,0,0,0,0,0,0,0,0,0,0,0,0,0,0,0
7/29/2021,29,7,0,0,0,0,0,0.01,0,0,0,0,0,0,0,0,0.11,0,0,0,0,0,0.006,0,0,0,0,0,0,0,0,0,0,0,0,0,0,0,0,0,0,0,0,0
7/30/2021,30,7,0,0,0,0,0,0,0,0,0,0,0,0,0,0.01,0.02,0,0,0,0,0,0.0015,0,0,0,0,0,0,0,0,0,0,0,0,0,0,0,0,0,0,0,0,0
7/31/2021,31,7,0,0,0,0,0,0,0.11,0,0,0,0.05,0.34,0,0,0,0,0,0,0,0.02,0.026,0,0,0,0,0,0,0,0,0,0,0,0,0,0,0,0,0,0,0,0,0
8/1/2021,1,8,0,0,0,0,0,0.01,0.44,0,0,0,0.14,0.21,0,0.02,0,0,0,0,0,0,0.041,0,0,0,0,0,0,0,0,0,0,0,0,0,0,0,0,0,0,0,0,0
8/2/2021,2,8,0,0,0.03,0.15,0.06,0.35,0,0.01,0,0,0,0.07,0,0,0,0,0,0,0.07,0,0.037,0,0,0,0,0,0,0,0,0,0,0,0,0,0,0,0,0,0,0,0,0
8/3/2021,3,8,0,0.08,0,0.02,0.04,0,0,0,0,0,0,0.05,0,0,0,0.44,0,0,0,0,0.0315,0,0,0,0,0,0,0,0,0,0,0,0,0,0,0,0,0,0,0,0,0
8/4/2021,4,8,0.14,0,0,0,0,0,0,0,0,0,0.1,0.02,0,0,0.22,0,0,0,0,0,0.024,0,0,0,0,0,0,0,0,0,0,0,0,0,0,0,0,0,0,0,0,0
8/5/2021,5,8,0,0,0,0,0,0,0.01,0,0,0.01,0,0,0,0.01,0.19,0,0,0,0,0,0.011,0,0,0,0,0,0,0,0,0,0,0,0,0,0,0,0,0,0,0,0,0
8/6/2021,6,8,0,0,0,0,0,0,0,0,0,0,0,0,0,0,0.13,0,0.03,0,0,0,0.008,0,0,0,0,0,0,0,0,0,0,0,0,0,0,0,0,0,0,0,0,0
8/7/2021,7,8,0,0,0,0,0,0,0.08,0,0,0,0.02,0,0,0,0,0.4,0.04,0,0,0,0.027,0,0,0,0,0,0,0,0,0,0,0,0,0,0,0,0,0,0,0,0,0
8/8/2021,8,8,0,0,0,0,0,0,0,0,0.03,0.06,0,0,0,0,0,0,0,0,0,0.35,0.022,0,0,0,0,0,0,0,0,0,0,0,0,0,0,0,0,0,0,0,0,0
8/9/2021,9,8,0,0,0,0,0,0,0,0,0,0,0,0,0,0,0,0,0,0,0,0.14,0.007,0,0,0,0,0,0,0,0,0,0,0,0,0,0,0,0,0,0,0,0,0
8/10/2021,10,8,0,0,0,0,0,0,0,0,0.02,0,0,0,0,0,0,0,0.08,0,0,0,0.005,0,0,0,0,0,0,0,0,0,0,0,0,0,0,0,0,0,0,0,0,0
8/11/2021,11,8,0,0,0,0,0,0,0,0,0,0,0,0,0,0,0,0.04,0,0.02,0,0,0.003,0,0,0,0,0,0,0,0,0,0,0,0,0,0,0,0,0,0,0,0,0
8/12/2021,12,8,0,0,0,0,0,0,0.06,0,0,0,0,0,0,0,0.17,0,0,0,0,0,0.0115,0,0,0,0,0,0,0,0,0,0,0,0,0,0,0,0,0,0,0,0,0
8/13/2021,13,8,0,0,0,0,0,0,0,0,0,0,0,0,0,0,0,0,0,0.05,0,0,0.0025,0,0,0,0,0,0,0,0,0,0,0,0,0,0,0,0,0,0,0,0,0
8/14/2021,14,8,0,0,0,0,0,0,0,0,0,0.07,0,0.08,0,0,0.09,0,0,0,0,0,0.012,0,0,0,0,0,0,0,0,0,0,0,0,0,0,0,0,0,0,0,0,0
8/15/2021,15,8,0.06,0,0,0,0,0,0.03,0,0,0.12,0,0.02,0,0,0,0,0,0,0,0,0.0115,0,0,0,0,0,0,0,0,0,0,0,0,0,0,0,0,0,0,0,0,0
8/16/2021,16,8,0,0,0,0,0,0.32,0,0,0,0,0,0,0,0,0,0,0,0,0,0,0.016,0,0,0,0,0,0,0,0,0,0,0,0,0,0,0,0,0,0,0,0,0
8/17/2021,17,8,0,0,0,0,0,0,0,0.02,0,0,0,0,0,0,0,0,0,0,0,0,0.001,0,0,0,0,0,0,0,0,0,0,0,0,0,0,0,0,0,0,0,0,0
8/18/2021,18,8,0.31,0,0,0,0,0.03,0,0,0,0,0,0,0,0,0,0,0,0,0,0,0.017,0,0,0,0,0,0,0,0,0,0,0,0,0,0,0,0,0,0,0,0,0
8/19/2021,19,8,0,0,0,0,0,0,0,0,0,0,1.12,0,0,0,0.08,0,0,0,0,0,0.06,0,0,0,0,0,0,0,0,0,0,0,0,0,0,0,0,0,0,0,0,0
8/20/2021,20,8,0,0.41,0,0,0,0,0,0,0,0,0,0.01,0,0,0.31,0,0,0,0,0,0.0365,0,0,0,0,0,0,0,0,0,0,0,0,0,0,0,0,0,0,0,0,0
8/21/2021,21,8,0,0.04,0,0.18,0,0,0,0,0,0,0,0,0,0,0,0,0,0,0.05,0,0.0135,0,0,0,0,0,0,0,0,0,0,0,0,0,0,0,0,0,0,0,0,0
8/22/2021,22,8,0,0,0,0.25,0,0,0,0.06,0,0,0,0,0,0.02,0.3,0,0,0,0.33,0,0.048,0,0,0,0,0,0,0,0,0,0,0,0,0,0,0,0,0,0,0,0,0
8/23/2021,23,8,0,0,0,0,0.06,0,0,0,0,0.14,0,0,0,0.02,0.08,0,0,0,0,0,0.015,0,0,0,0,0,0,0,0,0,0,0,0,0,0,0,0,0,0,0,0,0
8/24/2021,24,8,0,0,0,0,0.03,0,0.18,0,0,0,0,0,0,0.01,0,0,0,0,0.05,0,0.0135,0,0,0,0,0,0,0,0,0,0,0,0,0,0,0,0,0,0,0,0,0
8/25/2021,25,8,0,0,0,0,0,0,0.05,0,0,0,0,0,0,0,0.15,0,0,0,0,0,0.01,0,0,0,0,0,0,0,0,0,0,0,0,0,0,0,0,0,0,0,0,0
8/26/2021,26,8,0,0,0,0,0,0,0.07,0,0,0,0,0,0.01,0,0.05,0.01,0,0,0,0,0.007,0,0,0,0,0,0,0,0,0,0,0,0,0,0,0,0,0,0,0,0,0
8/27/2021,27,8,0,0,0,0.07,0,0.01,0,0,0,0,0.01,0.03,0,0.05,0,0,0,0,0,0,0.0085,0,0,0,0,0,0,0,0,0,0,0,0,0,0,0,0,0,0,0,0,0
8/28/2021,28,8,0,0,0,0,0,0,0,0,0,0,0,0.03,0,0.03,0,0,0,0,0,0,0.003,0,0,0,0,0,0,0,0,0,0,0,0,0,0,0,0,0,0,0,0,0
8/29/2021,29,8,0,0,0,0,0,0,0,0,0,0,0,0,0,0,0,0,0,0,0,0,0,0,0,0,0,0,0,0,0,0,0,0,0,0,0,0,0,0,0,0,0,0
8/30/2021,30,8,1.31,0,0,0,0,0,0,0.01,0,0,0.31,0,0,0,0,0,0,0,0,0,0.0815,0,0,0,0,0,0,0,0,0,0,0,0,0,0,0,0,0,0,0,0,0
8/31/2021,31,8,0.18,0,0,0,0,0,0,0,0.78,0,0,0,0.28,0,0,0,0,0,0,0,0.062,0,0,0,0,0,0,0,0,0,0,0,0,0,0,0,0,0,0,0,0,0
9/1/2021,1,9,0.04,0,0,0,0,0,0,0,0.14,0,0,0,0.41,0,0,0,0.01,0,0,0,0.03,0,0,0,0,0,0,0,0,0,0,0,0,0,0,0,0,0,0,0,0,0
9/2/2021,2,9,0,0,0,0,0,0,0,0,0,0,0,0,0,0,0,0,0,0,0,0,0,0,0,0,0,0,0,0,0,0,0,0,0,0,0,0,0,0,0,0,0,0
9/3/2021,3,9,0,0,0,0,0.21,0,0,0,0,0,0,0,0,0,0,0,0,0,0,0.03,0.012,0,0,0,0,0,0,0,0,0,0,0,0,0,0,0,0,0,0,0,0,0
9/4/2021,4,9,0,0,0,0,0,0,0,0.26,0,0,0,0,0,0,0,0,0,0,0,0,0.013,0,0,0,0,0,0,0,0,0,0,0,0,0,0,0,0,0,0,0,0,0
9/5/2021,5,9,0,0.01,0.01,0,0,0,0,0.11,0,0,0,0,0,0,0,0,0,0,0,0.07,0.01,0,0,0,0,0,0,0,0,0,0,0,0,0,0,0,0,0,0,0,0,0
9/6/2021,6,9,0,0,0.02,0,0,0,0,0,0,0,0,0.01,0,0,0.1,0,0,0,0,0.01,0.007,0,0,0,0,0,0,0,0,0,0,,0,0,0,0,0,0,0,0,0,0
9/7/2021,7,9,0,0,0.21,0.19,0,0,0,0,0,0,0,0,0,0.17,0,0,0,0,0,0,0.0285,0,0,0,0,0,0,0,0,0,0,0,0,0,0,0,0,0,0,0,0,0
9/8/2021,8,9,0,0,0.29,0,0,0,0,0,0,0,0,0,0,0.27,0.02,0,0,0,0,0.17,0.0375,0,0,0,0,0,0,0,0,0,0,0,0,0,0,0,0,0,0,0,0,0
9/9/2021,9,9,0,0,0,0.28,0,0.16,0,0,0.01,0,0.07,0,0,0,0.18,0,0,0.01,0,0,0.0355,0,0,0,0,0,0,0,0,0,0,0,0,0,0,0,0,0,0,0,0,0
9/10/2021,10,9,0,0,0,0.89,0,0,0,0,0.05,0,0,0.01,0.01,0,0,0,0,0,0,0.02,0.049,0,0,0,0,0,0,0,0,0,0,0,0,0,0,0,0,0,0,0,0,0
9/11/2021,11,9,0,0,0,0,0,0,0,0,0,0,0,0,0,0.25,0,0,0,0,0,0.81,0.053,0,0,0,0,0,0,0,0,0,0,0,0,0,0,0,0,0,0,0,0,0
9/12/2021,12,9,0,0.01,0,0,0.06,0.04,0,0,0,0,0,0,0,0.02,0,0,0,0,0,0,0.0065,0,0,0,0,0,0,0,0,0,0,0,0,0,0,0,0,0,0,0,0,0
9/13/2021,13,9,0,0.01,0,0,0,0,0,0,0,0.03,0,0,0,0.16,0,0,0.17,0.02,0,0,0.0195,0,0,0,0,0,0,0,0,0,0,0,0,0,0,0,0,0,0,0,0,0
9/14/2021,14,9,0,0,0,0,0,0,0.4,0,0,0.3,0,0,0,0.14,0,0.18,0.09,0.04,0,0,0.0575,0,0,0,0,0,0,0,0,0,0,0,0,0,0,0,0,0,0,0,0,0
9/15/2021,15,9,0,0,0,0,0,0,0.78,0,0,0,0,0,0,0,0,0.63,0,0.43,0,0,0.092,0,0,0,0,0,0,0,0,0,0,0,0,0,0,0,0,0,0,0,0,0
9/16/2021,16,9,0,0.02,0.22,0,0,0,0.16,0,0,0,0,0.09,0,0,0,0.93,0,0,0,0,0.071,0,0,0,0,0,0,0,0,0,0,0,0,0,0,0,0,0,0,0,0,0
9/17/2021,17,9,0,0,0.05,0.23,0,0,0,0,0,0,0,0.01,0,0,0,0,0,0,0,0.05,0.017,0,0,0,0,0,0,0,0,0,0,0,0,0,0,0,0,0,0,0,0,0
9/18/2021,18,9,0,0,0.26,0,0,0,0,0,0,0,0,0,0,0,0,0,0,0,0,0,0.013,0,0,0,0,0,0,0,0,0,0,0,0,0,0,0,0,0,0,0,0,0
9/19/2021,19,9,0,0,0,0,0.06,0,0,0,0,0.02,0,0,0,0,0.19,0,0,0.13,0,0,0.02,0,0,0,0,0,0,0,0,0,0,0,0,0,0,0,0,0,0,0,0,0
9/20/2021,20,9,0,0,0,0,0.09,0,0.25,0,0.04,0,0,0,0,0,0,0,0,0,0,0.24,0.031,0,0,0,0,0,0,0,0,0,0,0,0,0,0,0,0,0,0,0,0,0
9/21/2021,21,9,0.26,0,0,0,0,0.15,0,0,0,0,0,0,0,0,0.39,0,0.02,0.51,0,0,0.0665,0,0,0,0,0,0,0,0,0,0,0,0,0,0,0,0,0,0,0,0,0
9/22/2021,22,9,1,0,0,0,0,0,0.28,0.25,0.07,0,0.02,0,0,0,0,0,0.89,0.01,0,0,0.126,0,0,0,0,0,0,0,0,0,0,0,0,0,0,0,0,0,0,0,0,0
9/23/2021,23,9,0.56,0,0,0,0,0,0,0.57,0,0,0,0,0,0,0,0,0.48,0.4,0,0,0.1005,0,0,0,0,0,0,0,0,0,0,0,0,0,0,0,0,0,0,0,0,0
9/24/2021,24,9,0,0,0,0,0,0,0,0.04,0,0,0,0,0,0,0,0,0.22,0.49,0,0,0.0375,0,0,0,0,0,0,0,0,0,0,,0,0,0,0,0,0,0,0,0,0
9/25/2021,25,9,0,0,0,0,0,0,0,0,0,0,0,0,0.13,0.11,0,0,0,0,0,0,0.012,0,0,0,0,0,0,0,0,0,0,,0,0,0,0,0,0,0,0,0,0
9/26/2021,26,9,0,0,0,0,0,0,0,0,0,0,0,0,0,0.02,0.01,0,0,0,0,0,0.0015,0,0,0,0,0,0,0,0,0,0,,0,0,0,0,0,0,0,0,0,0
9/27/2021,27,9,0,0,0,0,0,0.05,0,0,0,0,0,0,0,0.03,1.25,0,0,0,0,0.01,0.067,0,0,0,0,0,0,0,0,0,0,,0,0,0,0,0,0,0,0,0,0
9/28/2021,28,9,0,0,0.01,0,0,0,0,0,0,0,0,0,0,0,0.14,0,0,0,0,0.01,0.008,0,0,0,0,0,0,0,0,0,0,0,0,0,0,0,0,0,0,0,0,0
9/29/2021,29,9,0,0,0,0,0.08,0,0,0.51,0,0,0,0,0,0,0.12,0,0,0,0,0.13,0.042,0,0,0,0,0,0,0,0,0,0,0,0,0,0,0,0,0,0,0,0,0
9/30/2021,30,9,0,0,0.05,0,0,0,0,0,0,0.84,0,0,0,0,0.11,0,0,0,0,0,0.05,0,0,0,0,0,0,0,0,0,0,0,0,0,0,0,0,0,0,0,0,0
10/1/2021,1,10,0,0,0.45,0,0,0,0,0.03,0,0.01,0,0,0,0,0.01,0,0,0.06,0,0,0.028,0,0,0,0,0,0,0,0,0,0,0,0,0,0,0,0,0,0,0,0,0
10/2/2021,2,10,0,0,0.02,0,0,0,0.08,0,0,0,0,0,0,0,0,0.09,0.01,0.04,0.55,0,0.0395,0,0,0,0,0,0,0,0,0,0,0,0,0,0,0,0,0,0,0,0,0
10/3/2021,3,10,0,0,0,0,0,0,0,0,0,0,0,0,0,0.14,0,0.17,0,0,0.04,0,0.0175,0,0,0,0,0,0,0,0,0,0,0,0,0,0,0,0,0,0,0,0,0
10/4/2021,4,10,0,0,0,0,0,0.3,0,0,0.69,0.38,0.02,0.15,0,0.01,0,0,0,0,0.35,0,0.095,0,0,0,0,0,0,0,0,0,0,0,0,0,0,0,0,0,0,0,0,0
10/5/2021,5,10,0,0,0,0,0,0,0.01,0.2,0.43,0,0,0.68,0,0,0,0,0.1,0,0.28,0,0.085,0,0,0,0,0,0,0,0,0,0,0,0,0,0,0,0,0,0,0,0,0
10/6/2021,6,10,0,0,0,0,0,0,0.38,0.33,0,0,0.07,0.56,0,0,0,0.01,0.01,0,0,0,0.068,0,0,0,0,0,0,0,0,0,0,0,0,0,0,0,0,0,0,0,0,0
10/7/2021,7,10,0,0,0,0,0,0,0.1,0,0,0,0.03,0.03,0,0,0,0,0,0,0,0,0.008,0,0,0,0,0,0,0,0,0,0,0,0,0,0,0,0,0,0,0,0,0
10/8/2021,8,10,0,0.02,0,0,0,0.19,0,0,0,0,0.02,0.06,0,0,0,0,0,0.01,0,0,0.015,0,0,0,0,0,0,0,0,0,0,0,0,0,0,0,0,0,0,0,0,0
10/9/2021,9,10,0,0.17,0,0,0,0,0,0,0,0,0,0,0,0.04,0,0,0,0,0.71,0,0.046,0,0,0,0,0,0,0,0,0,0,0,0,0,0,0,0,0,0,0,0,0
10/10/2021,10,10,0.27,0,0,0,0,0,0,0,0,0,0,0.02,0,0.35,0,0,0,0,0.53,0,0.0585,0,0,0,0,0,0,0,0,0,0,0,0,0,0,0,0,0,0,0,0,0
10/11/2021,11,10,0.38,0.16,0,0,0,0,0,0,0.11,0,0,0,0,0,0,0,0,0,0,0,0.0325,0,0,0,0,0,0,0,0,0.1,0,0,0,0,0,0,0,0,0,0,0,0.005
10/12/2021,12,10,0.11,0,0,0,0,0,0,0,0.06,0,0,0,0.5,0,0,0,0,0,0,0,0.0335,0,0,0,0,0,0,0,0,0.4,0,0,0,0,0,0,0,0,0,0,0,0.02
10/13/2021,13,10,0.15,0,0,0,0,0,0,0.01,0,0.05,0,0,0,0.06,0,0,0,0,0,0,0.0135,0,0,0,0,0,0,0,0,0,0,0,0,0,0,0,0,0,0,0,0,0
10/14/2021,14,10,0.02,0,0,0,0,0,0,0,0,0.03,0,0,0,0.01,0,0,0,0.05,0,0,0.0055,0,0,0,0,0,0,0,0,0,0,0,0,0,0,0,0,0,0,0,0,0
10/15/2021,15,10,0,0,0,0,0,0,0,0,0,0,0,0,0,0,0,0,0,0,0,0,0,0,0,0,0,0,0,0,0,0,0,0,0,0,0,0,0,0,0,0,0,0
10/16/2021,16,10,0,0,0,0,0,0,0.29,0.28,0,0,0,0.09,0.06,0,0,0,0.01,0,0,0,0.0365,0,0,0,0,0,0,0,0,0,0,0,0,0,0,0,0,0,0,0,0,0
10/17/2021,17,10,0,0,0,0,0,0,0,0.55,0,0,0,0,0,0,0,0.13,0.35,0,0,0.18,0.0605,0,0,0,0,0,0,0,0.1,0,0,0,0,0,0,0,0,0,0,0,0,0.005
10/18/2021,18,10,0,0,0,0,0.1,0,0,0.14,0,0,0,0,0,0,0,0.09,0,0,0,0,0.0165,0,0,0,0,0,0,0,0,0,0,0,0,0,0,0,0,0,0,0,0,0
10/19/2021,19,10,0,0,0,0,0.03,0,0.01,0,0,0.31,0,0,0,0,0,0,0.01,0,0,0.28,0.032,0,0,0,0,0,0,0,0,0,0,0,0,0,0,0,0,0,0,0,0,0
10/20/2021,20,10,0,0,0,0,1.14,0,0,0.33,0,0.11,0,0,0,0,0,0,0,0.02,0,0,0.08,0,0,0,0,0,0,0,0,0,0,0,0,0,0,0,0,0,0,0,0,0
10/21/2021,21,10,0.14,0,0,0,0.14,0,0,0,0,0,0,0,0,0,0,0,0,0,0,0,0.014,0,0,0,0,0,0,0,0,0,0,0,0,0,0,0,0,0,0,0,0,0
10/22/2021,22,10,0,0,0.14,0,0,0,0,0,0,0,0,0,0.3,0,0,0,0,0,0.03,0,0.0235,0,0,0,0,0,0,0,0,0,0,0,0,0,0,0,0,0,0,0,0,0
10/23/2021,23,10,0,0.06,0.09,0,0.42,0,0,0,0,0.02,0.26,0,0.4,0,0,0,0,0,0,0,0.0625,0,0,0,0,0,0,0,0,0,0,0,0,0,0,0,0,0,0,0,0,0
10/24/2021,24,10,0,0,0,0,0.23,0,0,0,0,0.04,0.18,0,0.05,0,0,0,0,0,0,0,0.025,0,0,0,0,0,0,0,0,0,0,0,0,0,0,0,0,0,0,0,0,0
10/25/2021,25,10,0,0,0,0,0.34,0,0.15,0,0,0,0.84,0,0.22,0,0,0,0,0,0.01,0,0.078,0,0,0,0,0,0,0,0,0,0,0.4,0,0.3,0,0,0,0,0,0,0,0.035
10/26/2021,26,10,0,0,0,0,0.02,0,0,0,0,0,0.32,0,0,0,0,0,0,0,0,0,0.017,0,0,0,0,0,0,0,0,0,0,1.4,0,0,0,0,0,0,0,0,0,0.07
10/27/2021,27,10,0.61,0,0,0,0.11,0.12,0,0,0,0.23,0.03,0,0,0,0,0,0,0,0,0.03,0.0565,0,0,0,0,0,0,0,0,0,0.5,0,0,0,0,0,0,0,0,0,0,0.025
10/28/2021,28,10,0.11,0,0,0,0.28,0.2,0,0,0,0,0,0,0,0,0,0,0.1,0,0,0,0.0345,0,0,0,0,0,0,0,0,0,0,0,0,0,0,0,0,0,0,0,0,0
10/29/2021,29,10,0,0,0,0,0.11,0.1,0,0,0,0,0,0,0,0.02,0,0.12,0,0,0,0,0.0175,0,0,0,0,0,0,0,0,0,0,0,0,0,0,0,0,0,0,0,0,0
10/30/2021,30,10,0.18,0.18,0.01,0.12,0.17,0,0,0.01,0,0,0.29,0,0,0.11,0,0,0.06,0,0,0,0.0565,0,0,0,0.5,0,0,0,0,0,0,0,0,0,0,0,0,0,0,0,0,0.025
10/31/2021,31,10,0.03,0.33,0,0.04,0.39,0,0,0,0,0,0,0,0,0,0,0,0.25,0,0,0,0.052,0,0,0,0.5,0.1,0,0,0,0,0,0,0,0,0,0,0,0,0,0,0,0.03
11/1/2021,1,11,0.01,0,0,0.09,0,0,0,0,0,0,0,0.31,0,0,0,0,0,0,0.02,0,0.0215,0,0,0,0.7,0,0,0,0,0,0,0,0,0,0,0,0,0,0,0,0,0.035
11/2/2021,2,11,0,0,0,0,0,0,0,0,0.24,0,0,0,0,0,0.03,0,0,0,0.01,0,0.014,0,0,0,0,0,0,0,0,0,0,0,0,0,0,0,0,0,0,0,0,0
11/3/2021,3,11,0,0,0,0.42,0,0,0,0,0,0,0,0,0,0.13,0,0.02,0,0.01,0,0,0.029,0,0,0,1.1,0,0,0,0,0,0,0,0,0,0.4,0,0,0,0,0,0,0.075
11/4/2021,4,11,0,0,0,0.2,0,0.21,0.06,0,0.45,0,0,0.27,0,0.01,0,0.04,0,0.01,0,0,0.0625,0,0,0,2,0,0,0,0,0,0,0,0,0,0,0,0,0,0,0,0,0.1
11/5/2021,5,11,0.03,0,0,0.03,0,0.01,0,0,0.34,0,0,0.24,0,0.15,0,0,0,0.02,0,0,0.041,0.2,0,0,0.5,0,0,0,0,3,0,0,3.2,0,3.1,0,0,0,0,0,0,0.5
11/6/2021,6,11,0.02,0,0,0,0,0,0,0,0,0,0,0,0,0,0,0.02,0,0.02,0,0,0.003,0.2,0,0,0,0,0,0,0,0,0,0,0,0,0,0,0,0,0,0,0,0.01
11/7/2021,7,11,0,0.14,0,0,0,0,0,0,0,0,0,0,0,0,0,0,0,0,0,0,0.007,0,0,0,0,0,0,0,0,0,0,0,0,0,0,0,0,0,0,0,0,0
11/8/2021,8,11,0.16,0,0.19,0,0.01,0,0,0,0,0,0.88,0,0,0,0,0,0,0,0,0,0.062,1.6,0,0,0,0,0,0,0,0,0,0,0,0,0,0,0,0,0,0,0,0.08
11/9/2021,9,11,0.49,0,0.03,0.03,0.22,0,0.27,0,0.04,0,0.06,0,1.07,0,0,0.08,0,0,0,0,0.1145,6.1,0,0,0,0,0,0,0,0,0,0.6,0,5,0,0,0,0,0,0,0,0.585
11/10/2021,10,11,0.07,0,0.14,0.12,0.01,0,0,0,0.33,0,0,0,0.37,0,0,0.18,0,0,0,0,0.061,1.2,0,0,0,0,0,0,0,0,0,0,0,8.5,0,0,0,0,0,0,0,0.485
11/11/2021,11,11,0.01,0,0.06,0,0.19,0.01,0.07,0.26,0,0,0,0,0.09,0,0,0,0,0,0,0,0.0345,0.6,0,0,0,0,0,0,0,0,0,0,0,1.7,0,0,0,0,0,0,0,0.115
11/12/2021,12,11,0.12,0,0,0,0.06,0.03,0,0,0.03,0.01,0,0.18,0,0,0,0,0,0,0,0,0.0215,3,0,0,0,0,0,0,0,0,0,0,0.6,0,0,0,0,0,0,0,0,0.18
11/13/2021,13,11,0,0.08,0.04,0.25,0,0.02,0.05,0.01,0,0,0,0.11,0,0,0.02,0,0,0,0,0,0.029,0,0,0,0,0,0,0,0,0,0,0,0,0,0,0.2,0,0,0,0,0,0.01
11/14/2021,14,11,0.02,0,0,0.03,0,0.12,0.34,0,0,0.03,0.14,0,0,0,0.01,0,0,0,0,0,0.0345,0.2,0,0,0,0,0,0,0,0,0.8,0,0,0,0,0,0,0,0,0,0,0.05
11/15/2021,15,11,0.34,0,0,0,0,0,0,0,0,0,0.01,0,0,0.01,0.08,0,0,0,0,0,0.022,3.7,0,0,0,0,0,0,0,0,0,0,0,0,0,0.1,0,0,0,0,0,0.19
11/16/2021,16,11,0.01,0,0,0.11,0,0,0,0,0,0,0.01,0,0,0.14,0,0.01,0.06,0,0,0,0.017,0.1,0,0,0,0,0,0,0,0,0,0,0,0,0,0,0,0,0,0,0,0.005
11/17/2021,17,11,0.01,0,0,0.14,0,0,0,0,0,0,0,0,0.03,0,0,0,0.05,0.92,0.01,0,0.058,0.1,0,0,0,0,0,0,0,0,0,0,0,0,0,0,0,0.3,0,0,0,0.02
11/18/2021,18,11,0,0.15,0,0,0,0,0,0,0,0,0,0.3,0,0,0,0,0,0,0,0,0.0225,0,0,0,0,0,0,0,0,0,0,0,1.1,0,0,0,0,0,0,0,0,0.055
11/19/2021,19,11,0,0,0,0,0,0,0,0,0,0,0,0.06,0,0.01,0,0,0,0,0,0,0.0035,0,0,0,0,0,0,0,0,0,0,0,0.6,0,0,0,0,0,0,0,0,0.03
11/20/2021,20,11,0,0,0,0,0.01,0,0,0,0,0,0.5,0,0,0.08,0,0,0.01,0,0,0.12,0.036,0,0,0,0,0.2,0,0,0,0,0,1.4,0,0,0,0,0,0,0,0,0,0.08
11/21/2021,21,11,0,0,0,0.08,0,0,0,0,0,0,0.27,0.13,0,0.09,0,0,0.92,0,0,0,0.0745,0,0,0,1,0,0,0,0,0,0,4.8,0,0,0,0,0,0,0,0,0,0.29
11/22/2021,22,11,0,1.27,0,0.02,0,0,0,0,0,0.16,0,0,0,0,0.41,0,0,0,0.1,0,0.098,0,0,0,0.6,0,0,0,0,0,2,0,0,0,0,0,0,0,0,0,0,0.13
11/23/2021,23,11,0,0.61,0.01,0,0,0,0,0,0,0,0.16,0,0,0,0.05,0,0.33,0,0.19,0,0.0675,0,2.9,0,0,0,0,0,0,0,0,3.7,0,0,0,0.5,0,1.1,0,0,0,0.41
11/24/2021,24,11,0,0,0.17,0,0,0,0,0,0,0,0,0,0,0,0,0,0,0,0.43,0,0.03,0,0,0.2,0,0,0,0,0,0,0,0,0,0,0,0,0,0,0,1.7,0,0.095
11/25/2021,25,11,0,0.9,0,0,0.35,0.01,0,0,0,0,0,0,0,0,0,0,0,0,0,0.12,0.069,0,10.4,0,0,0,0,0,0,0,0,0,0,0,0,0,0,0,0,0,0.6,0.55
11/26/2021,26,11,0,0.04,0,0.42,0.08,0.2,0,0,0,0,0,0,0,0,0,0,0,0,0,0,0.037,0,1.5,0,4.8,0,0.4,0,0,0,0,0,0,0,0,0,0,0,0,0,0,0.335
11/27/2021,27,11,0,0,0,0,0.29,0.02,0.05,0.19,0.03,0,0,0,0,0,0,0,0.02,0.19,0,0.11,0.045,0,0,0,0,2.8,0.4,0,0.8,0,0,0,0,0,0,0,0,0,0,0,1.6,0.28
11/28/2021,28,11,0,0,0,0,0.02,0,0.11,0,0.04,0,0.57,0,0,0,0,0.04,0.37,0,0.06,0.44,0.0825,0,0,0,0,0.3,0,1.3,0,0,0,8.6,0,0,0,0,0.9,4.3,0,0,4.5,0.995
11/29/2021,29,11,0.02,0.05,0,0,0,0.16,0.18,0,0,0,0.04,0,0,0,0,0.01,0,0,0.06,0.38,0.045,0,1.5,0,0,0,0.2,6.8,0,0,0,1.8,0,0,0,0,0.4,0,0,0,3.5,0.71
11/30/2021,30,11,0,0.1,0,0,0,0.01,0,0.03,0,0,0,0.02,0.1,0,0,0.01,0,0,0.18,0,0.0225,0,2.5,0,0,0,0.1,0,0,0,0,0,0,0,0,0,0.1,0,0,0,,0.142105263
12/1/2021,1,12,0,0,0,0,0,0,0,0.53,0,0,0,0,0.01,0,0,0,0.02,0,0,0,0.028,0,0,0,0,0,0,0,6,0,0,0,0,0,0,0,0,0.2,0,0,0,0.31
12/2/2021,2,12,0,0,0,0,0,0.24,0,0,0.01,0,0,0,0.16,0,0,0,0,0,0.38,0,0.0395,0,0,0,0,0,0.2,0,0,0,0,0,0,0,0,0,0,0,0,5.9,0,0.305
12/3/2021,3,12,0,0.24,0,0,0,0.04,0,0,0,0,0,0,0,0.4,0.05,0,0,0.01,0,0,0.037,0,1.7,0,0,0,0.2,0,0,0,0,0,0,0,6,0,0,0,0,0,0,0.395
12/4/2021,4,12,0,0.12,0,0,0,0,0,0,0.01,0,0.03,0,0,0,0,0,0,0.09,0,0.11,0.018,0,2.2,0,0,0,0,0,0,0,0,0,0,0,0,0,0,0,0.9,0,0,0.155
12/5/2021,5,12,0,0.02,0,0,0,0,0,0,0,0.03,0,0,0.09,0,0,0,0.02,0,0.01,0.15,0.016,0,0.4,0,0,0,0,0,0,0,0.6,0,0,0,0,0,0,0.2,0,0.1,0,0.065
12/6/2021,6,12,0,0.16,0,0,0,0.1,0,0.06,0,0.04,0.04,0,0,0,0,0,0,0,0,0,0.02,0,0,0,0,0,2.6,0,0,0,0.7,0,0,0,0,0,0,0,0,0,0,0.165
12/7/2021,7,12,0,0,0,0.31,0.01,0,0,1.1,0,0.03,0,0,0,0.06,0,0.07,0,0,0,0,0.079,0,0,0,0,0,0,0,3.8,0,0.4,0,0,0,1.3,0,0,0,0,0,0,0.275
12/8/2021,8,12,0,0,0,0.17,0.05,0,0,0.47,0.18,0.12,0,0,0.22,0.12,0,0,0,0,0,0.25,0.079,0,0,0,2,0,0,0,4.6,1.5,3.2,0,0,3.4,2.8,0,0,0,0,0,0.1,0.88
12/9/2021,9,12,0,0,0,0,0.14,0,0,0.01,0,0,0.02,0,0,0.01,0,0,0.01,0,0,0,0.0095,0,0,0,0,0,0,0,0.2,0,0.3,0,0,0.1,0.2,0,0,0,0,0,0,0.04
12/10/2021,10,12,0.32,0,0,0,0,0,0.26,0.02,0,0,0.2,0,0.02,0,0,0.35,0.65,0,0,0,0.091,3,0,0,0,0,0,1.1,0.3,0,0,0,0,0,0,0,0,0,0,0,0,0.22
12/11/2021,11,12,0,0.04,0,0,0,0,0.06,0,0,0,0.01,0,0,0,0,0,0.05,0.03,0,0,0.0095,0,0.9,0,0,0,0,0,0,0,0,0,0,0,0,0,0,0,0.3,0,0,0.06
12/12/2021,12,12,0.11,0.03,0,0,0,0,0,0,0,0.05,0,0,0,0,0,0,0,0.05,0.1,0.16,0.025,1,0.9,0,0,0,0,0,0,0,1,0,0,0,0,0,0,0,0.6,1,0,0.225
12/13/2021,13,12,0.15,0,0,0,0,0,0.07,0.01,0.24,0.55,0,0.02,0,0,0.08,0.06,0,0,0,0.14,0.066,2.8,0,0,0,0,0,0,0.3,2.4,1.3,0,0,0,0,0,0.3,0,0.1,0,0,0.36
12/14/2021,14,12,0.01,0.15,0,0.23,0,0,0.02,0,0.08,0,0.04,0,0.12,0,0.03,0.77,0.05,0,0,0.33,0.0915,0,2.5,0,2,0,0,0,0,2.3,0,0.1,0,0,0,0.2,8.2,0.3,0,0,0.8,0.82
12/15/2021,15,12,0.26,0.23,0,0.03,0,0,0.1,0,0,0,0.22,0,0.13,0,0,0.01,0.01,0,0,0,0.0495,1.3,5.2,0,1,0,0,2.2,0,0,0,2.8,0,1.1,0,0,1,0,0,0,0,0.73
12/16/2021,16,12,0,0,0.1,0,0,0,0.07,0,0.05,0,0,0,0,0,0,0.04,0.3,0.08,0,0.03,0.0335,0,0,0,0,0,0,1.3,0,1.1,0,0,0,0.2,0,0,0.9,0,0.8,0,0.4,0.235
12/17/2021,17,12,0,0.12,0.12,0,0,0,0.16,0,0,0,0,0,0.05,0,0,0,0.01,0,0,0,0.023,0,1.6,0,0,0,0,3.5,0,0,0,0,0,0,0,0,0,0.2,0,0,0,0.265
12/18/2021,18,12,0,0,0.03,0,0,0.17,0,0,0,0,0.04,0,0.03,0.01,0,0,0,0,0,0,0.014,0,0,0.6,0,0.1,3,0,0,0,0,0.8,0,0,0,0,0,0,0,0,0,0.225
12/19/2021,19,12,0,0,0,0,0.01,0.13,0,0.1,0.2,0,0.59,0,0,0.9,0,0,0,0,0,0,0.0965,0,0,0,0,0.4,0.9,0,0,4,0,0,0,0,6.9,0,0,0,0,0,0,0.61
12/20/2021,20,12,0,0,0,0,0.02,0,0,0.35,0,0,0.36,0,0,0,0.04,0.11,0,0.04,0,0,0.046,0,0,0.1,0,0.7,0,0,4.5,0,0,0.2,0,0,0,0,0,0,1,0,0,0.325
12/21/2021,21,12,0,0.01,0,0.74,0.02,0,0,0.31,0,0,0.32,0.01,0,0.08,0.53,0,0.03,0,0.1,0,0.1075,0,0.2,0,4.3,0.5,0,0,3.5,0,0,2.3,0.1,0,1.4,0,0,0.8,0,0,0,0.655
12/22/2021,22,12,0,0.02,0,0,0.04,0.08,0.07,0,0.05,0.13,0.63,0,0,0.06,0.25,0.58,0,0,0,0,0.0955,0,0.3,0.1,0,1.8,0,1.5,0,0,2,0,0,0,0.6,0,1.7,0,0,0,0,0.4
12/23/2021,23,12,0,0,0,0,0,0.11,0,0,0.03,0.01,0.06,0,0,0,0,0.05,0.03,0.1,0,0,0.0195,0,0,0,0,0,0,0,0,0.4,0.3,0,0,0,0,0,0.8,0.3,0,0,0,0.09
12/24/2021,24,12,0.38,0,0,0,0,0,0.01,0.28,0,0,0,0,0.23,0.01,0,0,0.31,0.22,0.02,0.17,0.0815,4.2,0,0,0,0,0,0.3,4,0,0,0,0,1.8,0,0,0,0.5,2,0,0,0.64
12/25/2021,25,12,0,0,0.06,1.14,0,0,0,0.01,0.33,0,0,0,0,0,0.29,0.12,0.49,0.16,0.29,0.24,0.1565,0,0,1.8,4.2,0,0,0,0.1,7.2,0,0,0,0,0,2.7,1.3,8.6,2,2.1,0.2,1.51
12/26/2021,26,12,0,0,0,0.95,0,0.12,0,0.06,0.09,0,0.07,0,0.13,0,0,0,0,0,0.26,0.02,0.085,0,0,0,10.6,0,0,0,1,1.6,0,1,0,2.5,0,0,0,0,0,2.4,0.2,0.965
12/27/2021,27,12,0,0.01,0,0.18,0,0,0.08,0,0.01,0,0,0,0.14,0,0,0,0,0,0.1,0,0.026,0,0.2,0,3.6,0,0,0,0,0.3,0,0,0,2.8,0,0,0,0,0,1.2,0,0.405
12/28/2021,28,12,0,0,0,0.04,0,0.02,0.01,0,0,0,0,0,0.04,0,0.03,0.01,0,0,0,0,0.0075,0,0,0,1,0,0,0,0,0,0,0,0,0.9,0,0.6,0.1,0,0,0,0,0.13
12/29/2021,29,12,0,0.08,0,0.18,0.18,0,0,0.01,0,0.11,0.26,0,0,0,0.1,0.03,0,0,0,0,0.0475,0,1.1,0,2.5,0,0,0,0.8,0,1.7,2.4,0,0,0,2.2,0.9,0,0,0,0,0.58
12/30/2021,30,12,0,0.1,0,0,0,0.08,0,0.03,0,0.27,0.1,0,0,0,0,0.03,0,0,0.02,0.03,0.033,0.2,1.6,0,0,0,0,0,0.7,0,5.4,1.3,0,0,0,0,0.7,0,0,0.5,1,0.57
12/31/2021,31,12,0.01,0.11,0.23,0,0.05,0.17,0,0,0,0.01,0.05,0,0.01,0,0,0,0,0,0,0,0.032,0.4,1.1,0.8,0,0.2,0,0,0,0,0.2,0.6,0,0.3,0,0,0,0,0,0,0,0.18
